-- 150 registros de la tabla Sucursal
INSERT INTO Sucursal(NombreSucursal,Calle,NumeroExterior,NumeroInterior,Colonia,Estado,Telefono) VALUES ('Farmacia San Pedro','Carranza',59,86,'Polanco','Sinaloa','+08210716236');
INSERT INTO Sucursal(NombreSucursal,Calle,NumeroExterior,NumeroInterior,Colonia,Estado,Telefono) VALUES ('Farmacia San Antonio','Callejón del Beso',13,3,'La Joya','Yucatán','+94957180491');
INSERT INTO Sucursal(NombreSucursal,Calle,NumeroExterior,NumeroInterior,Colonia,Estado,Telefono) VALUES ('Farmacia San Antonio','Morelos',20,42,'Coyoacan','Chihuahua','+538077455600');
INSERT INTO Sucursal(NombreSucursal,Calle,NumeroExterior,NumeroInterior,Colonia,Estado,Telefono) VALUES ('Farmacia San Pablo','Benito Juárez',86,81,'Lomas de Chapultepec','Zacatecas','+6550102079843');
INSERT INTO Sucursal(NombreSucursal,Calle,NumeroExterior,NumeroInterior,Colonia,Estado,Telefono) VALUES ('Farmacia San Lucas','Benito Juárez',84,62,'La Joya','Aguascalientes','+611441979365');
INSERT INTO Sucursal(NombreSucursal,Calle,NumeroExterior,NumeroInterior,Colonia,Estado,Telefono) VALUES ('Farmacia del Sol','Lázaro Cárdenas',77,65,'Condesa','Hidalgo','+3109828614885');
INSERT INTO Sucursal(NombreSucursal,Calle,NumeroExterior,NumeroInterior,Colonia,Estado,Telefono) VALUES ('Farmacia San Antonio','Galeana',48,72,'Roma Norte','Tlaxcala','+344590195088');
INSERT INTO Sucursal(NombreSucursal,Calle,NumeroExterior,NumeroInterior,Colonia,Estado,Telefono) VALUES ('Farmacia del Sol','Lázaro Cárdenas',86,74,'Cuajimalpa','Baja California','+08769398830');
INSERT INTO Sucursal(NombreSucursal,Calle,NumeroExterior,NumeroInterior,Colonia,Estado,Telefono) VALUES ('Farmacia La Paz','Zaragoza',69,55,'Napoles','Zacatecas','9014093973');
INSERT INTO Sucursal(NombreSucursal,Calle,NumeroExterior,NumeroInterior,Colonia,Estado,Telefono) VALUES ('Farmacia San Pedro','Galeana',27,85,'San Pedro','Coahuila','9255042981');
INSERT INTO Sucursal(NombreSucursal,Calle,NumeroExterior,NumeroInterior,Colonia,Estado,Telefono) VALUES ('Farmacia San Rafael','Callejón del Beso',90,70,'Del Valle','Sinaloa','8223790840');
INSERT INTO Sucursal(NombreSucursal,Calle,NumeroExterior,NumeroInterior,Colonia,Estado,Telefono) VALUES ('Farmacia San Juan','Hidalgo',6,38,'Napoles','Aguascalientes','6478081472');
INSERT INTO Sucursal(NombreSucursal,Calle,NumeroExterior,NumeroInterior,Colonia,Estado,Telefono) VALUES ('Farmacia San Lorenzo','Lázaro Cárdenas',23,48,'Interlomas','Jalisco','7015765922');
INSERT INTO Sucursal(NombreSucursal,Calle,NumeroExterior,NumeroInterior,Colonia,Estado,Telefono) VALUES ('Farmacia San Vicente','Independencia',61,5,'Condesa','Aguascalientes','4844417285');
INSERT INTO Sucursal(NombreSucursal,Calle,NumeroExterior,NumeroInterior,Colonia,Estado,Telefono) VALUES ('Farmacia San Vicente','Benito Juárez',82,60,'Lomas de Chapultepec','Aguascalientes','5285140555');
INSERT INTO Sucursal(NombreSucursal,Calle,NumeroExterior,NumeroInterior,Colonia,Estado,Telefono) VALUES ('Farmacia San Lucas','Morelos',69,39,'Del Valle','Colima','9611067357');
INSERT INTO Sucursal(NombreSucursal,Calle,NumeroExterior,NumeroInterior,Colonia,Estado,Telefono) VALUES ('Farmacia del Sol','Obregón',9,73,'Roma Norte','Veracruz','0643521706');
INSERT INTO Sucursal(NombreSucursal,Calle,NumeroExterior,NumeroInterior,Colonia,Estado,Telefono) VALUES ('Farmacia San Pedro','Madero',19,68,'Interlomas','Michoacán','0597937667');
INSERT INTO Sucursal(NombreSucursal,Calle,NumeroExterior,NumeroInterior,Colonia,Estado,Telefono) VALUES ('Farmacia Guadalajara','Lázaro Cárdenas',56,66,'Coyoacan','Veracruz','+8806823037979');
INSERT INTO Sucursal(NombreSucursal,Calle,NumeroExterior,NumeroInterior,Colonia,Estado,Telefono) VALUES ('Farmacia San Antonio','Independencia',11,8,'Satelite','Querétaro','3720999875');
INSERT INTO Sucursal(NombreSucursal,Calle,NumeroExterior,NumeroInterior,Colonia,Estado,Telefono) VALUES ('Farmacia San Pablo','Carranza',68,83,'Tlalpan','Aguascalientes','+714349351772');
INSERT INTO Sucursal(NombreSucursal,Calle,NumeroExterior,NumeroInterior,Colonia,Estado,Telefono) VALUES ('Farmacia Santa Ana','Madero',38,54,'Napoles','Durango','4634869344');
INSERT INTO Sucursal(NombreSucursal,Calle,NumeroExterior,NumeroInterior,Colonia,Estado,Telefono) VALUES ('Farmacia San José','Callejón del Beso',59,25,'Lomas de Chapultepec','Michoacán','2655697651');
INSERT INTO Sucursal(NombreSucursal,Calle,NumeroExterior,NumeroInterior,Colonia,Estado,Telefono) VALUES ('Farmacia San Miguel','Galeana',65,80,'Lomas de Chapultepec','Querétaro','+421252145009');
INSERT INTO Sucursal(NombreSucursal,Calle,NumeroExterior,NumeroInterior,Colonia,Estado,Telefono) VALUES ('Farmacia San Ignacio','Morelos',42,72,'Interlomas','Zacatecas','9155127129');
INSERT INTO Sucursal(NombreSucursal,Calle,NumeroExterior,NumeroInterior,Colonia,Estado,Telefono) VALUES ('Farmacia San José','Madero',69,22,'Interlomas','Puebla','8761919707');
INSERT INTO Sucursal(NombreSucursal,Calle,NumeroExterior,NumeroInterior,Colonia,Estado,Telefono) VALUES ('Farmacia La Paz','Carranza',62,96,'San Pedro','Nuevo León','6170211183');
INSERT INTO Sucursal(NombreSucursal,Calle,NumeroExterior,NumeroInterior,Colonia,Estado,Telefono) VALUES ('Farmacia La Paz','Hidalgo',2,96,'Condesa','Morelos','2149150917');
INSERT INTO Sucursal(NombreSucursal,Calle,NumeroExterior,NumeroInterior,Colonia,Estado,Telefono) VALUES ('Farmacia San Vicente','Zaragoza',60,12,'Interlomas','Jalisco','6602846907');
INSERT INTO Sucursal(NombreSucursal,Calle,NumeroExterior,NumeroInterior,Colonia,Estado,Telefono) VALUES ('Farmacia San Ignacio','Zaragoza',53,8,'Satelite','Tlaxcala','8519881249');
INSERT INTO Sucursal(NombreSucursal,Calle,NumeroExterior,NumeroInterior,Colonia,Estado,Telefono) VALUES ('Farmacia Guadalajara','Zaragoza',45,92,'Napoles','Guerrero','4813276575');
INSERT INTO Sucursal(NombreSucursal,Calle,NumeroExterior,NumeroInterior,Colonia,Estado,Telefono) VALUES ('Farmacia Guadalajara','Galeana',25,23,'Tlalpan','Oaxaca','+129215665716');
INSERT INTO Sucursal(NombreSucursal,Calle,NumeroExterior,NumeroInterior,Colonia,Estado,Telefono) VALUES ('Farmacia San Pablo','Guerrero',81,96,'San Pedro','Jalisco','7832252064');
INSERT INTO Sucursal(NombreSucursal,Calle,NumeroExterior,NumeroInterior,Colonia,Estado,Telefono) VALUES ('Farmacia del Sol','Carranza',81,9,'Lomas de Chapultepec','Morelos','4628902998');
INSERT INTO Sucursal(NombreSucursal,Calle,NumeroExterior,NumeroInterior,Colonia,Estado,Telefono) VALUES ('Farmacia San José','Zaragoza',58,76,'Polanco','Querétaro','4140870066');
INSERT INTO Sucursal(NombreSucursal,Calle,NumeroExterior,NumeroInterior,Colonia,Estado,Telefono) VALUES ('Farmacia San Pablo','Lázaro Cárdenas',27,76,'Polanco','Durango','+085517579147');
INSERT INTO Sucursal(NombreSucursal,Calle,NumeroExterior,NumeroInterior,Colonia,Estado,Telefono) VALUES ('Farmacia Guadalajara','Callejón del Beso',37,75,'Lomas de Chapultepec','Guanajuato','3136430537');
INSERT INTO Sucursal(NombreSucursal,Calle,NumeroExterior,NumeroInterior,Colonia,Estado,Telefono) VALUES ('Farmacia San Vicente','Madero',8,90,'Condesa','San Luis Potosí','0692315036');
INSERT INTO Sucursal(NombreSucursal,Calle,NumeroExterior,NumeroInterior,Colonia,Estado,Telefono) VALUES ('Farmacia San Pablo','Juárez',13,38,'La Joya','Guanajuato','2839021337');
INSERT INTO Sucursal(NombreSucursal,Calle,NumeroExterior,NumeroInterior,Colonia,Estado,Telefono) VALUES ('Farmacia San Vicente','Callejón del Beso',41,35,'La Joya','Chiapas','+06152511964');
INSERT INTO Sucursal(NombreSucursal,Calle,NumeroExterior,NumeroInterior,Colonia,Estado,Telefono) VALUES ('Farmacia San Juan','Galeana',51,58,'Cuajimalpa','Quintana Roo','1961206960');
INSERT INTO Sucursal(NombreSucursal,Calle,NumeroExterior,NumeroInterior,Colonia,Estado,Telefono) VALUES ('Farmacia San Pablo','Benito Juárez',51,6,'Tlalpan','México','8195198537');
INSERT INTO Sucursal(NombreSucursal,Calle,NumeroExterior,NumeroInterior,Colonia,Estado,Telefono) VALUES ('Farmacia San Miguel','Carranza',21,75,'Coyoacan','Tlaxcala','5564244845');
INSERT INTO Sucursal(NombreSucursal,Calle,NumeroExterior,NumeroInterior,Colonia,Estado,Telefono) VALUES ('Farmacia San Pablo','Hidalgo',77,9,'Lomas de Chapultepec','Quintana Roo','+6711623412103');
INSERT INTO Sucursal(NombreSucursal,Calle,NumeroExterior,NumeroInterior,Colonia,Estado,Telefono) VALUES ('Farmacia San Lucas','Independencia',49,58,'Tlalpan','Durango','9754439650');
INSERT INTO Sucursal(NombreSucursal,Calle,NumeroExterior,NumeroInterior,Colonia,Estado,Telefono) VALUES ('Farmacia San Juan','Juárez',56,24,'Cuajimalpa','Colima','+52597134570');
INSERT INTO Sucursal(NombreSucursal,Calle,NumeroExterior,NumeroInterior,Colonia,Estado,Telefono) VALUES ('Farmacia San Lorenzo','Callejón del Beso',30,97,'La Joya','Durango','+2040706069486');
INSERT INTO Sucursal(NombreSucursal,Calle,NumeroExterior,NumeroInterior,Colonia,Estado,Telefono) VALUES ('Farmacia San Vicente','Benito Juárez',37,99,'Polanco','Chihuahua','+547580907836');
INSERT INTO Sucursal(NombreSucursal,Calle,NumeroExterior,NumeroInterior,Colonia,Estado,Telefono) VALUES ('Farmacia San José','Revolución',80,65,'Del Valle','México','+98481053111');
INSERT INTO Sucursal(NombreSucursal,Calle,NumeroExterior,NumeroInterior,Colonia,Estado,Telefono) VALUES ('Farmacia San Ignacio','Madero',40,63,'La Joya','Chihuahua','+356182812109');
INSERT INTO Sucursal(NombreSucursal,Calle,NumeroExterior,NumeroInterior,Colonia,Estado,Telefono) VALUES ('Farmacia San Pedro','Hidalgo',48,53,'Del Valle','Yucatán','1374663163');
INSERT INTO Sucursal(NombreSucursal,Calle,NumeroExterior,NumeroInterior,Colonia,Estado,Telefono) VALUES ('Farmacia San Pedro','Madero',29,99,'Interlomas','San Luis Potosí','5647184824');
INSERT INTO Sucursal(NombreSucursal,Calle,NumeroExterior,NumeroInterior,Colonia,Estado,Telefono) VALUES ('Farmacia San Vicente','Revolución',43,20,'Lomas de Chapultepec','Jalisco','+544025355702');
INSERT INTO Sucursal(NombreSucursal,Calle,NumeroExterior,NumeroInterior,Colonia,Estado,Telefono) VALUES ('Farmacia Guadalajara','Madero',94,44,'Cuajimalpa','Tlaxcala','7695161549');
INSERT INTO Sucursal(NombreSucursal,Calle,NumeroExterior,NumeroInterior,Colonia,Estado,Telefono) VALUES ('Farmacia San Lucas','Madero',88,56,'Bosques de Chapultepec','Durango','+23876157834');
INSERT INTO Sucursal(NombreSucursal,Calle,NumeroExterior,NumeroInterior,Colonia,Estado,Telefono) VALUES ('Farmacia San Rafael','Callejón del Beso',97,21,'Del Valle','Tabasco','+7541433553452');
INSERT INTO Sucursal(NombreSucursal,Calle,NumeroExterior,NumeroInterior,Colonia,Estado,Telefono) VALUES ('Farmacia del Sol','Revolución',3,80,'Tlalpan','Colima','+4331724434499');
INSERT INTO Sucursal(NombreSucursal,Calle,NumeroExterior,NumeroInterior,Colonia,Estado,Telefono) VALUES ('Farmacia Santa Ana','Carranza',88,97,'Coyoacan','Puebla','+661716310992');
INSERT INTO Sucursal(NombreSucursal,Calle,NumeroExterior,NumeroInterior,Colonia,Estado,Telefono) VALUES ('Farmacia San Vicente','Allende',78,69,'La Joya','Baja California Sur','+734493651168');
INSERT INTO Sucursal(NombreSucursal,Calle,NumeroExterior,NumeroInterior,Colonia,Estado,Telefono) VALUES ('Farmacia San Ignacio','Hidalgo',67,70,'San Pedro','Morelos','+2970456549633');
INSERT INTO Sucursal(NombreSucursal,Calle,NumeroExterior,NumeroInterior,Colonia,Estado,Telefono) VALUES ('Farmacia Santa Ana','Galeana',6,57,'Polanco','Tamaulipas','+7720466145107');
INSERT INTO Sucursal(NombreSucursal,Calle,NumeroExterior,NumeroInterior,Colonia,Estado,Telefono) VALUES ('Farmacia San Juan','Juárez',32,82,'Cuajimalpa','Jalisco','+89683351641');
INSERT INTO Sucursal(NombreSucursal,Calle,NumeroExterior,NumeroInterior,Colonia,Estado,Telefono) VALUES ('Farmacia San Pablo','Allende',19,12,'Interlomas','México','7390572612');
INSERT INTO Sucursal(NombreSucursal,Calle,NumeroExterior,NumeroInterior,Colonia,Estado,Telefono) VALUES ('Farmacia San Ignacio','Revolución',3,67,'La Joya','Guerrero','+2814505169375');
INSERT INTO Sucursal(NombreSucursal,Calle,NumeroExterior,NumeroInterior,Colonia,Estado,Telefono) VALUES ('Farmacia San José','Revolución',73,83,'Polanco','Nuevo León','9885835884');
INSERT INTO Sucursal(NombreSucursal,Calle,NumeroExterior,NumeroInterior,Colonia,Estado,Telefono) VALUES ('Farmacia San Pablo','Benito Juárez',51,18,'La Joya','Coahuila','8019660121');
INSERT INTO Sucursal(NombreSucursal,Calle,NumeroExterior,NumeroInterior,Colonia,Estado,Telefono) VALUES ('Farmacia San Vicente','Independencia',86,100,'Cuajimalpa','Durango','0390208442');
INSERT INTO Sucursal(NombreSucursal,Calle,NumeroExterior,NumeroInterior,Colonia,Estado,Telefono) VALUES ('Farmacia San Ignacio','Lázaro Cárdenas',5,73,'Condesa','Nuevo León','6688731057');
INSERT INTO Sucursal(NombreSucursal,Calle,NumeroExterior,NumeroInterior,Colonia,Estado,Telefono) VALUES ('Farmacia San Juan','Benito Juárez',67,72,'Del Valle','Jalisco','+5172101574431');
INSERT INTO Sucursal(NombreSucursal,Calle,NumeroExterior,NumeroInterior,Colonia,Estado,Telefono) VALUES ('Farmacia del Sol','Zaragoza',55,63,'Roma Norte','Oaxaca','9510752560');
INSERT INTO Sucursal(NombreSucursal,Calle,NumeroExterior,NumeroInterior,Colonia,Estado,Telefono) VALUES ('Farmacia San Pedro','Lázaro Cárdenas',100,28,'Roma Norte','Colima','8931029784');
INSERT INTO Sucursal(NombreSucursal,Calle,NumeroExterior,NumeroInterior,Colonia,Estado,Telefono) VALUES ('Farmacia San Lucas','Juárez',79,89,'Condesa','Colima','9586055781');
INSERT INTO Sucursal(NombreSucursal,Calle,NumeroExterior,NumeroInterior,Colonia,Estado,Telefono) VALUES ('Farmacia San Pablo','Juárez',51,39,'Lomas de Chapultepec','Yucatán','7906947305');
INSERT INTO Sucursal(NombreSucursal,Calle,NumeroExterior,NumeroInterior,Colonia,Estado,Telefono) VALUES ('Farmacia San Lucas','Allende',75,50,'Polanco','Tlaxcala','2775219246');
INSERT INTO Sucursal(NombreSucursal,Calle,NumeroExterior,NumeroInterior,Colonia,Estado,Telefono) VALUES ('Farmacia San José','Lázaro Cárdenas',84,28,'Cuajimalpa','Guanajuato','7748284546');
INSERT INTO Sucursal(NombreSucursal,Calle,NumeroExterior,NumeroInterior,Colonia,Estado,Telefono) VALUES ('Farmacia San Juan','Hidalgo',36,8,'Bosques de Chapultepec','Baja California','5378448384');
INSERT INTO Sucursal(NombreSucursal,Calle,NumeroExterior,NumeroInterior,Colonia,Estado,Telefono) VALUES ('Farmacia San Vicente','Carranza',30,25,'Coyoacan','Guanajuato','+693669424894');
INSERT INTO Sucursal(NombreSucursal,Calle,NumeroExterior,NumeroInterior,Colonia,Estado,Telefono) VALUES ('Farmacia San Rafael','Galeana',53,42,'Condesa','Aguascalientes','5577989091');
INSERT INTO Sucursal(NombreSucursal,Calle,NumeroExterior,NumeroInterior,Colonia,Estado,Telefono) VALUES ('Farmacia La Paz','Juárez',74,66,'Condesa','Aguascalientes','+583557037885');
INSERT INTO Sucursal(NombreSucursal,Calle,NumeroExterior,NumeroInterior,Colonia,Estado,Telefono) VALUES ('Farmacia San Vicente','Lázaro Cárdenas',75,46,'Cuajimalpa','Nuevo León','2564585123');
INSERT INTO Sucursal(NombreSucursal,Calle,NumeroExterior,NumeroInterior,Colonia,Estado,Telefono) VALUES ('Farmacia San Antonio','Revolución',79,37,'Tlalpan','Baja California','6562902856');
INSERT INTO Sucursal(NombreSucursal,Calle,NumeroExterior,NumeroInterior,Colonia,Estado,Telefono) VALUES ('Farmacia San Rafael','Independencia',45,34,'Condesa','Nayarit','+53571216096');
INSERT INTO Sucursal(NombreSucursal,Calle,NumeroExterior,NumeroInterior,Colonia,Estado,Telefono) VALUES ('Farmacia San José','Hidalgo',57,30,'Santa Fe','Aguascalientes','2611659048');
INSERT INTO Sucursal(NombreSucursal,Calle,NumeroExterior,NumeroInterior,Colonia,Estado,Telefono) VALUES ('Farmacia Santa Ana','Morelos',80,19,'Condesa','Colima','+18451611698');
INSERT INTO Sucursal(NombreSucursal,Calle,NumeroExterior,NumeroInterior,Colonia,Estado,Telefono) VALUES ('Farmacia San Juan','Revolución',93,84,'Interlomas','Quintana Roo','9205306673');
INSERT INTO Sucursal(NombreSucursal,Calle,NumeroExterior,NumeroInterior,Colonia,Estado,Telefono) VALUES ('Farmacia San Juan','Allende',99,58,'San Pedro','Tlaxcala','+770849327663');
INSERT INTO Sucursal(NombreSucursal,Calle,NumeroExterior,NumeroInterior,Colonia,Estado,Telefono) VALUES ('Farmacia San Miguel','Independencia',76,62,'La Joya','Tamaulipas','+21212983245');
INSERT INTO Sucursal(NombreSucursal,Calle,NumeroExterior,NumeroInterior,Colonia,Estado,Telefono) VALUES ('Farmacia San Lorenzo','Independencia',26,91,'Satelite','Guerrero','+541146042628');
INSERT INTO Sucursal(NombreSucursal,Calle,NumeroExterior,NumeroInterior,Colonia,Estado,Telefono) VALUES ('Farmacia San Juan','Obregón',75,33,'Del Valle','Baja California','5242897039');
INSERT INTO Sucursal(NombreSucursal,Calle,NumeroExterior,NumeroInterior,Colonia,Estado,Telefono) VALUES ('Farmacia San Antonio','Benito Juárez',28,98,'Satelite','Aguascalientes','2347970726');
INSERT INTO Sucursal(NombreSucursal,Calle,NumeroExterior,NumeroInterior,Colonia,Estado,Telefono) VALUES ('Farmacia San Lucas','Zaragoza',63,98,'Condesa','Nayarit','8757858253');
INSERT INTO Sucursal(NombreSucursal,Calle,NumeroExterior,NumeroInterior,Colonia,Estado,Telefono) VALUES ('Farmacia San Rafael','Revolución',58,70,'Roma Norte','Durango','7158707297');
INSERT INTO Sucursal(NombreSucursal,Calle,NumeroExterior,NumeroInterior,Colonia,Estado,Telefono) VALUES ('Farmacia San Miguel','Madero',91,40,'Lomas de Chapultepec','Durango','7797060159');
INSERT INTO Sucursal(NombreSucursal,Calle,NumeroExterior,NumeroInterior,Colonia,Estado,Telefono) VALUES ('Farmacia San Miguel','Obregón',12,51,'Napoles','México','+225930014690');
INSERT INTO Sucursal(NombreSucursal,Calle,NumeroExterior,NumeroInterior,Colonia,Estado,Telefono) VALUES ('Farmacia San Pedro','Hidalgo',59,29,'Interlomas','Puebla','0109879452');
INSERT INTO Sucursal(NombreSucursal,Calle,NumeroExterior,NumeroInterior,Colonia,Estado,Telefono) VALUES ('Farmacia San Pablo','Callejón del Beso',96,6,'Satelite','Morelos','+4902861957648');
INSERT INTO Sucursal(NombreSucursal,Calle,NumeroExterior,NumeroInterior,Colonia,Estado,Telefono) VALUES ('Farmacia San Lorenzo','Galeana',86,82,'Napoles','Colima','0324077894');
INSERT INTO Sucursal(NombreSucursal,Calle,NumeroExterior,NumeroInterior,Colonia,Estado,Telefono) VALUES ('Farmacia San Pedro','Benito Juárez',68,74,'Coyoacan','Nayarit','+1143559083642');
INSERT INTO Sucursal(NombreSucursal,Calle,NumeroExterior,NumeroInterior,Colonia,Estado,Telefono) VALUES ('Farmacia San Rafael','Revolución',22,75,'Interlomas','Guerrero','2729044681');
INSERT INTO Sucursal(NombreSucursal,Calle,NumeroExterior,NumeroInterior,Colonia,Estado,Telefono) VALUES ('Farmacia del Sol','Carranza',71,38,'Tlalpan','Hidalgo','+602876243341');
INSERT INTO Sucursal(NombreSucursal,Calle,NumeroExterior,NumeroInterior,Colonia,Estado,Telefono) VALUES ('Farmacia San Pedro','Allende',33,14,'Satelite','Yucatán','1933114848');
INSERT INTO Sucursal(NombreSucursal,Calle,NumeroExterior,NumeroInterior,Colonia,Estado,Telefono) VALUES ('Farmacia San Pedro','Independencia',4,34,'Condesa','Sonora','8197378088');
INSERT INTO Sucursal(NombreSucursal,Calle,NumeroExterior,NumeroInterior,Colonia,Estado,Telefono) VALUES ('Farmacia San Miguel','Callejón del Beso',2,86,'La Joya','Veracruz','+22099695115');
INSERT INTO Sucursal(NombreSucursal,Calle,NumeroExterior,NumeroInterior,Colonia,Estado,Telefono) VALUES ('Farmacia San Pablo','Guerrero',30,19,'Del Valle','Guerrero','+39790602491');
INSERT INTO Sucursal(NombreSucursal,Calle,NumeroExterior,NumeroInterior,Colonia,Estado,Telefono) VALUES ('Farmacia San Lucas','Guerrero',80,65,'Coyoacan','Guanajuato','+021506914010');
INSERT INTO Sucursal(NombreSucursal,Calle,NumeroExterior,NumeroInterior,Colonia,Estado,Telefono) VALUES ('Farmacia San Ignacio','Revolución',28,13,'Del Valle','Tabasco','2195646932');
INSERT INTO Sucursal(NombreSucursal,Calle,NumeroExterior,NumeroInterior,Colonia,Estado,Telefono) VALUES ('Farmacia San Vicente','Lázaro Cárdenas',46,17,'Polanco','Zacatecas','+4199935587853');
INSERT INTO Sucursal(NombreSucursal,Calle,NumeroExterior,NumeroInterior,Colonia,Estado,Telefono) VALUES ('Farmacia Santa Ana','Zaragoza',43,7,'Bosques de Chapultepec','Quintana Roo','+69264730593');
INSERT INTO Sucursal(NombreSucursal,Calle,NumeroExterior,NumeroInterior,Colonia,Estado,Telefono) VALUES ('Farmacia San Lucas','Obregón',40,81,'Tlalpan','Aguascalientes','5340474301');
INSERT INTO Sucursal(NombreSucursal,Calle,NumeroExterior,NumeroInterior,Colonia,Estado,Telefono) VALUES ('Farmacia San José','Lázaro Cárdenas',82,82,'Cuajimalpa','Oaxaca','5735035990');
INSERT INTO Sucursal(NombreSucursal,Calle,NumeroExterior,NumeroInterior,Colonia,Estado,Telefono) VALUES ('Farmacia San Pablo','Lázaro Cárdenas',40,10,'Santa Fe','Chihuahua','5397830323');
INSERT INTO Sucursal(NombreSucursal,Calle,NumeroExterior,NumeroInterior,Colonia,Estado,Telefono) VALUES ('Farmacia Guadalajara','Hidalgo',57,59,'Coyoacan','Jalisco','+029803770404');
INSERT INTO Sucursal(NombreSucursal,Calle,NumeroExterior,NumeroInterior,Colonia,Estado,Telefono) VALUES ('Farmacia San Lorenzo','Allende',8,64,'La Joya','Jalisco','7168454532');
INSERT INTO Sucursal(NombreSucursal,Calle,NumeroExterior,NumeroInterior,Colonia,Estado,Telefono) VALUES ('Farmacia Guadalajara','Allende',3,61,'Coyoacan','Jalisco','+001800827309');
INSERT INTO Sucursal(NombreSucursal,Calle,NumeroExterior,NumeroInterior,Colonia,Estado,Telefono) VALUES ('Farmacia San Rafael','Allende',58,11,'Cuajimalpa','San Luis Potosí','8720593714');
INSERT INTO Sucursal(NombreSucursal,Calle,NumeroExterior,NumeroInterior,Colonia,Estado,Telefono) VALUES ('Farmacia San Rafael','Independencia',96,30,'Tlalpan','Tabasco','+880049903419');
INSERT INTO Sucursal(NombreSucursal,Calle,NumeroExterior,NumeroInterior,Colonia,Estado,Telefono) VALUES ('Farmacia San Rafael','Callejón del Beso',88,89,'Polanco','Aguascalientes','6825488383');
INSERT INTO Sucursal(NombreSucursal,Calle,NumeroExterior,NumeroInterior,Colonia,Estado,Telefono) VALUES ('Farmacia del Sol','Galeana',78,21,'Santa Fe','Coahuila','4129041061');
INSERT INTO Sucursal(NombreSucursal,Calle,NumeroExterior,NumeroInterior,Colonia,Estado,Telefono) VALUES ('Farmacia Santa Ana','Guerrero',31,74,'Interlomas','Guerrero','2356426788');
INSERT INTO Sucursal(NombreSucursal,Calle,NumeroExterior,NumeroInterior,Colonia,Estado,Telefono) VALUES ('Farmacia San Miguel','Hidalgo',60,5,'Tlalpan','Yucatán','+688149025690');
INSERT INTO Sucursal(NombreSucursal,Calle,NumeroExterior,NumeroInterior,Colonia,Estado,Telefono) VALUES ('Farmacia San Vicente','Morelos',93,35,'San Pedro','Baja California','+36068091659');
INSERT INTO Sucursal(NombreSucursal,Calle,NumeroExterior,NumeroInterior,Colonia,Estado,Telefono) VALUES ('Farmacia del Sol','Zaragoza',81,45,'Napoles','Baja California Sur','7057466512');
INSERT INTO Sucursal(NombreSucursal,Calle,NumeroExterior,NumeroInterior,Colonia,Estado,Telefono) VALUES ('Farmacia San Juan','Obregón',31,22,'Santa Fe','Zacatecas','7741036138');
INSERT INTO Sucursal(NombreSucursal,Calle,NumeroExterior,NumeroInterior,Colonia,Estado,Telefono) VALUES ('Farmacia San Juan','Guerrero',35,16,'San Pedro','Tamaulipas','+638958025988');
INSERT INTO Sucursal(NombreSucursal,Calle,NumeroExterior,NumeroInterior,Colonia,Estado,Telefono) VALUES ('Farmacia San Pablo','Madero',64,11,'Santa Fe','Tlaxcala','3834684070');
INSERT INTO Sucursal(NombreSucursal,Calle,NumeroExterior,NumeroInterior,Colonia,Estado,Telefono) VALUES ('Farmacia Guadalajara','Guerrero',58,86,'Polanco','Quintana Roo','+352756785583');
INSERT INTO Sucursal(NombreSucursal,Calle,NumeroExterior,NumeroInterior,Colonia,Estado,Telefono) VALUES ('Farmacia San Vicente','Galeana',28,80,'Del Valle','Guanajuato','+589665235808');
INSERT INTO Sucursal(NombreSucursal,Calle,NumeroExterior,NumeroInterior,Colonia,Estado,Telefono) VALUES ('Farmacia San Miguel','Morelos',82,44,'Polanco','Guerrero','+882714436564');
INSERT INTO Sucursal(NombreSucursal,Calle,NumeroExterior,NumeroInterior,Colonia,Estado,Telefono) VALUES ('Farmacia Santa Ana','Benito Juárez',28,58,'Napoles','Colima','2993041182');
INSERT INTO Sucursal(NombreSucursal,Calle,NumeroExterior,NumeroInterior,Colonia,Estado,Telefono) VALUES ('Farmacia La Paz','Guerrero',93,72,'Coyoacan','Veracruz','+8439036038197');
INSERT INTO Sucursal(NombreSucursal,Calle,NumeroExterior,NumeroInterior,Colonia,Estado,Telefono) VALUES ('Farmacia San Pedro','Benito Juárez',37,76,'Polanco','Zacatecas','+7923609084818');
INSERT INTO Sucursal(NombreSucursal,Calle,NumeroExterior,NumeroInterior,Colonia,Estado,Telefono) VALUES ('Farmacia La Paz','Carranza',1,32,'Condesa','Durango','+24900958865');
INSERT INTO Sucursal(NombreSucursal,Calle,NumeroExterior,NumeroInterior,Colonia,Estado,Telefono) VALUES ('Farmacia La Paz','Galeana',91,83,'Coyoacan','Morelos','5564052439');
INSERT INTO Sucursal(NombreSucursal,Calle,NumeroExterior,NumeroInterior,Colonia,Estado,Telefono) VALUES ('Farmacia San Lorenzo','Obregón',89,50,'Bosques de Chapultepec','Zacatecas','+49425822923');
INSERT INTO Sucursal(NombreSucursal,Calle,NumeroExterior,NumeroInterior,Colonia,Estado,Telefono) VALUES ('Farmacia del Sol','Zaragoza',51,86,'Tlalpan','Nuevo León','+08379324188');
INSERT INTO Sucursal(NombreSucursal,Calle,NumeroExterior,NumeroInterior,Colonia,Estado,Telefono) VALUES ('Farmacia Guadalajara','Morelos',39,51,'Satelite','Sonora','+36301808134');
INSERT INTO Sucursal(NombreSucursal,Calle,NumeroExterior,NumeroInterior,Colonia,Estado,Telefono) VALUES ('Farmacia San Pablo','Guerrero',39,83,'Tlalpan','Nayarit','1477754174');
INSERT INTO Sucursal(NombreSucursal,Calle,NumeroExterior,NumeroInterior,Colonia,Estado,Telefono) VALUES ('Farmacia San Juan','Obregón',99,71,'Condesa','Hidalgo','9168298859');
INSERT INTO Sucursal(NombreSucursal,Calle,NumeroExterior,NumeroInterior,Colonia,Estado,Telefono) VALUES ('Farmacia San Ignacio','Obregón',55,93,'Bosques de Chapultepec','Sinaloa','+19865829116');
INSERT INTO Sucursal(NombreSucursal,Calle,NumeroExterior,NumeroInterior,Colonia,Estado,Telefono) VALUES ('Farmacia Santa Ana','Revolución',61,95,'Bosques de Chapultepec','Puebla','1254695591');
INSERT INTO Sucursal(NombreSucursal,Calle,NumeroExterior,NumeroInterior,Colonia,Estado,Telefono) VALUES ('Farmacia San Lorenzo','Morelos',59,61,'Coyoacan','Jalisco','9515376435');
INSERT INTO Sucursal(NombreSucursal,Calle,NumeroExterior,NumeroInterior,Colonia,Estado,Telefono) VALUES ('Farmacia San Juan','Carranza',91,93,'Condesa','Michoacán','6654144267');
INSERT INTO Sucursal(NombreSucursal,Calle,NumeroExterior,NumeroInterior,Colonia,Estado,Telefono) VALUES ('Farmacia San Ignacio','Obregón',75,73,'Condesa','México','3532477888');
INSERT INTO Sucursal(NombreSucursal,Calle,NumeroExterior,NumeroInterior,Colonia,Estado,Telefono) VALUES ('Farmacia San Ignacio','Juárez',39,21,'Del Valle','Colima','+640465823517');
INSERT INTO Sucursal(NombreSucursal,Calle,NumeroExterior,NumeroInterior,Colonia,Estado,Telefono) VALUES ('Farmacia Guadalajara','Galeana',66,22,'Interlomas','Jalisco','+67581520954');
INSERT INTO Sucursal(NombreSucursal,Calle,NumeroExterior,NumeroInterior,Colonia,Estado,Telefono) VALUES ('Farmacia del Sol','Madero',75,58,'Cuajimalpa','Chiapas','5703862541');
INSERT INTO Sucursal(NombreSucursal,Calle,NumeroExterior,NumeroInterior,Colonia,Estado,Telefono) VALUES ('Farmacia Guadalajara','Callejón del Beso',27,61,'Tlalpan','Baja California Sur','0579837472');
INSERT INTO Sucursal(NombreSucursal,Calle,NumeroExterior,NumeroInterior,Colonia,Estado,Telefono) VALUES ('Farmacia Guadalajara','Benito Juárez',93,93,'Roma Norte','Baja California Sur','7852957147');
INSERT INTO Sucursal(NombreSucursal,Calle,NumeroExterior,NumeroInterior,Colonia,Estado,Telefono) VALUES ('Farmacia San Pedro','Allende',28,10,'Tlalpan','Coahuila','+41781759115');
INSERT INTO Sucursal(NombreSucursal,Calle,NumeroExterior,NumeroInterior,Colonia,Estado,Telefono) VALUES ('Farmacia San Vicente','Independencia',66,45,'Coyoacan','Colima','5866875784');


--150 registros de la tabla Clinica
INSERT INTO Clinica(NombreClinica,NumCuarto,IdSucursal) VALUES ('Clínica Santa Rosa',11,1);
INSERT INTO Clinica(NombreClinica,NumCuarto,IdSucursal) VALUES ('Centro de Salud San Pablo',12,2);
INSERT INTO Clinica(NombreClinica,NumCuarto,IdSucursal) VALUES ('Centro Médico del Sol',3,3);
INSERT INTO Clinica(NombreClinica,NumCuarto,IdSucursal) VALUES ('Clínica San Antonio',3,4);
INSERT INTO Clinica(NombreClinica,NumCuarto,IdSucursal) VALUES ('Centro Médico San Martín',4,5);
INSERT INTO Clinica(NombreClinica,NumCuarto,IdSucursal) VALUES ('Clínica Santa Rosa',11,6);
INSERT INTO Clinica(NombreClinica,NumCuarto,IdSucursal) VALUES ('Centro Médico del Sol',1,7);
INSERT INTO Clinica(NombreClinica,NumCuarto,IdSucursal) VALUES ('Hospital San Lucas',3,8);
INSERT INTO Clinica(NombreClinica,NumCuarto,IdSucursal) VALUES ('Clínica Santa Rosa',4,9);
INSERT INTO Clinica(NombreClinica,NumCuarto,IdSucursal) VALUES ('Centro Médico San Martín',5,10);
INSERT INTO Clinica(NombreClinica,NumCuarto,IdSucursal) VALUES ('Centro de Salud San Pablo',15,11);
INSERT INTO Clinica(NombreClinica,NumCuarto,IdSucursal) VALUES ('Centro de Salud San Rafael',4,12);
INSERT INTO Clinica(NombreClinica,NumCuarto,IdSucursal) VALUES ('Clínica San Antonio',11,13);
INSERT INTO Clinica(NombreClinica,NumCuarto,IdSucursal) VALUES ('Clínica Nuestra Señora de la Salud',3,14);
INSERT INTO Clinica(NombreClinica,NumCuarto,IdSucursal) VALUES ('Centro Médico San Martín',15,15);
INSERT INTO Clinica(NombreClinica,NumCuarto,IdSucursal) VALUES ('Clínica Virgen de Guadalupe',1,16);
INSERT INTO Clinica(NombreClinica,NumCuarto,IdSucursal) VALUES ('Clínica Nuestra Señora de la Salud',4,17);
INSERT INTO Clinica(NombreClinica,NumCuarto,IdSucursal) VALUES ('Clínica Nuestra Señora del Carmen',4,18);
INSERT INTO Clinica(NombreClinica,NumCuarto,IdSucursal) VALUES ('Centro de Salud San Rafael',5,19);
INSERT INTO Clinica(NombreClinica,NumCuarto,IdSucursal) VALUES ('Clínica San Antonio',3,20);
INSERT INTO Clinica(NombreClinica,NumCuarto,IdSucursal) VALUES ('Centro Médico del Sol',1,21);
INSERT INTO Clinica(NombreClinica,NumCuarto,IdSucursal) VALUES ('Hospital Santa Ana',5,22);
INSERT INTO Clinica(NombreClinica,NumCuarto,IdSucursal) VALUES ('Clínica Nuestra Señora del Carmen',1,23);
INSERT INTO Clinica(NombreClinica,NumCuarto,IdSucursal) VALUES ('Clínica Santa Rosa',1,24);
INSERT INTO Clinica(NombreClinica,NumCuarto,IdSucursal) VALUES ('Centro Médico del Sol',12,25);
INSERT INTO Clinica(NombreClinica,NumCuarto,IdSucursal) VALUES ('Clínica San Antonio',15,26);
INSERT INTO Clinica(NombreClinica,NumCuarto,IdSucursal) VALUES ('Centro Médico del Sol',1,27);
INSERT INTO Clinica(NombreClinica,NumCuarto,IdSucursal) VALUES ('Clínica Nuestra Señora del Carmen',1,28);
INSERT INTO Clinica(NombreClinica,NumCuarto,IdSucursal) VALUES ('Centro Médico del Sol',13,29);
INSERT INTO Clinica(NombreClinica,NumCuarto,IdSucursal) VALUES ('Centro de Salud San Pablo',9,30);
INSERT INTO Clinica(NombreClinica,NumCuarto,IdSucursal) VALUES ('Clínica Santa Rosa',13,31);
INSERT INTO Clinica(NombreClinica,NumCuarto,IdSucursal) VALUES ('Centro Médico San Miguel',11,32);
INSERT INTO Clinica(NombreClinica,NumCuarto,IdSucursal) VALUES ('Clínica San José',1,33);
INSERT INTO Clinica(NombreClinica,NumCuarto,IdSucursal) VALUES ('Clínica Santa Rosa',2,34);
INSERT INTO Clinica(NombreClinica,NumCuarto,IdSucursal) VALUES ('Hospital Santa Ana',12,35);
INSERT INTO Clinica(NombreClinica,NumCuarto,IdSucursal) VALUES ('Clínica Nuestra Señora de la Salud',5,36);
INSERT INTO Clinica(NombreClinica,NumCuarto,IdSucursal) VALUES ('Centro Médico del Sol',3,37);
INSERT INTO Clinica(NombreClinica,NumCuarto,IdSucursal) VALUES ('Centro Médico San Miguel',3,38);
INSERT INTO Clinica(NombreClinica,NumCuarto,IdSucursal) VALUES ('Hospital Santa Ana',5,39);
INSERT INTO Clinica(NombreClinica,NumCuarto,IdSucursal) VALUES ('Hospital San Juan de Dios',7,40);
INSERT INTO Clinica(NombreClinica,NumCuarto,IdSucursal) VALUES ('Clínica San Antonio',13,41);
INSERT INTO Clinica(NombreClinica,NumCuarto,IdSucursal) VALUES ('Centro Médico San Martín',8,42);
INSERT INTO Clinica(NombreClinica,NumCuarto,IdSucursal) VALUES ('Hospital San Juan de Dios',12,43);
INSERT INTO Clinica(NombreClinica,NumCuarto,IdSucursal) VALUES ('Clínica San Antonio',14,44);
INSERT INTO Clinica(NombreClinica,NumCuarto,IdSucursal) VALUES ('Clínica Santa Rosa',9,45);
INSERT INTO Clinica(NombreClinica,NumCuarto,IdSucursal) VALUES ('Clínica San José',9,46);
INSERT INTO Clinica(NombreClinica,NumCuarto,IdSucursal) VALUES ('Centro de Salud San Pablo',4,47);
INSERT INTO Clinica(NombreClinica,NumCuarto,IdSucursal) VALUES ('Clínica Nuestra Señora del Carmen',15,48);
INSERT INTO Clinica(NombreClinica,NumCuarto,IdSucursal) VALUES ('Centro Médico del Sol',9,49);
INSERT INTO Clinica(NombreClinica,NumCuarto,IdSucursal) VALUES ('Hospital Santa Ana',8,50);
INSERT INTO Clinica(NombreClinica,NumCuarto,IdSucursal) VALUES ('Centro Médico San Martín',2,51);
INSERT INTO Clinica(NombreClinica,NumCuarto,IdSucursal) VALUES ('Clínica Virgen de Guadalupe',7,52);
INSERT INTO Clinica(NombreClinica,NumCuarto,IdSucursal) VALUES ('Centro Médico del Sol',9,53);
INSERT INTO Clinica(NombreClinica,NumCuarto,IdSucursal) VALUES ('Hospital San Juan de Dios',3,54);
INSERT INTO Clinica(NombreClinica,NumCuarto,IdSucursal) VALUES ('Hospital San Juan de Dios',1,55);
INSERT INTO Clinica(NombreClinica,NumCuarto,IdSucursal) VALUES ('Centro de Salud San Rafael',8,56);
INSERT INTO Clinica(NombreClinica,NumCuarto,IdSucursal) VALUES ('Clínica Nuestra Señora del Carmen',14,57);
INSERT INTO Clinica(NombreClinica,NumCuarto,IdSucursal) VALUES ('Clínica Nuestra Señora del Carmen',15,58);
INSERT INTO Clinica(NombreClinica,NumCuarto,IdSucursal) VALUES ('Clínica Nuestra Señora del Carmen',1,59);
INSERT INTO Clinica(NombreClinica,NumCuarto,IdSucursal) VALUES ('Hospital Santa Ana',15,60);
INSERT INTO Clinica(NombreClinica,NumCuarto,IdSucursal) VALUES ('Clínica San Antonio',13,61);
INSERT INTO Clinica(NombreClinica,NumCuarto,IdSucursal) VALUES ('Clínica San José',9,62);
INSERT INTO Clinica(NombreClinica,NumCuarto,IdSucursal) VALUES ('Centro de Salud San Pablo',11,63);
INSERT INTO Clinica(NombreClinica,NumCuarto,IdSucursal) VALUES ('Clínica Santa Rosa',8,64);
INSERT INTO Clinica(NombreClinica,NumCuarto,IdSucursal) VALUES ('Centro Médico del Sol',4,65);
INSERT INTO Clinica(NombreClinica,NumCuarto,IdSucursal) VALUES ('Clínica San Antonio',7,66);
INSERT INTO Clinica(NombreClinica,NumCuarto,IdSucursal) VALUES ('Clínica Nuestra Señora de la Salud',3,67);
INSERT INTO Clinica(NombreClinica,NumCuarto,IdSucursal) VALUES ('Centro Médico del Sol',8,68);
INSERT INTO Clinica(NombreClinica,NumCuarto,IdSucursal) VALUES ('Clínica Virgen de Guadalupe',5,69);
INSERT INTO Clinica(NombreClinica,NumCuarto,IdSucursal) VALUES ('Clínica Santa Rosa',8,70);
INSERT INTO Clinica(NombreClinica,NumCuarto,IdSucursal) VALUES ('Hospital Santa María',1,71);
INSERT INTO Clinica(NombreClinica,NumCuarto,IdSucursal) VALUES ('Hospital San Lucas',12,72);
INSERT INTO Clinica(NombreClinica,NumCuarto,IdSucursal) VALUES ('Centro Médico del Sol',14,73);
INSERT INTO Clinica(NombreClinica,NumCuarto,IdSucursal) VALUES ('Hospital Santa María',7,74);
INSERT INTO Clinica(NombreClinica,NumCuarto,IdSucursal) VALUES ('Hospital Santa María',1,75);
INSERT INTO Clinica(NombreClinica,NumCuarto,IdSucursal) VALUES ('Centro de Salud San Rafael',4,76);
INSERT INTO Clinica(NombreClinica,NumCuarto,IdSucursal) VALUES ('Clínica San Antonio',7,77);
INSERT INTO Clinica(NombreClinica,NumCuarto,IdSucursal) VALUES ('Centro Médico San Martín',5,78);
INSERT INTO Clinica(NombreClinica,NumCuarto,IdSucursal) VALUES ('Hospital Santa Ana',3,79);
INSERT INTO Clinica(NombreClinica,NumCuarto,IdSucursal) VALUES ('Clínica Nuestra Señora de la Salud',1,80);
INSERT INTO Clinica(NombreClinica,NumCuarto,IdSucursal) VALUES ('Clínica San Antonio',9,81);
INSERT INTO Clinica(NombreClinica,NumCuarto,IdSucursal) VALUES ('Clínica Virgen de Guadalupe',7,82);
INSERT INTO Clinica(NombreClinica,NumCuarto,IdSucursal) VALUES ('Clínica Nuestra Señora de la Salud',2,83);
INSERT INTO Clinica(NombreClinica,NumCuarto,IdSucursal) VALUES ('Clínica San Antonio',7,84);
INSERT INTO Clinica(NombreClinica,NumCuarto,IdSucursal) VALUES ('Hospital San Juan de Dios',8,85);
INSERT INTO Clinica(NombreClinica,NumCuarto,IdSucursal) VALUES ('Clínica Nuestra Señora del Carmen',13,86);
INSERT INTO Clinica(NombreClinica,NumCuarto,IdSucursal) VALUES ('Clínica San José',5,87);
INSERT INTO Clinica(NombreClinica,NumCuarto,IdSucursal) VALUES ('Hospital Santa María',6,88);
INSERT INTO Clinica(NombreClinica,NumCuarto,IdSucursal) VALUES ('Centro de Salud San Pablo',10,89);
INSERT INTO Clinica(NombreClinica,NumCuarto,IdSucursal) VALUES ('Clínica Santa Rosa',5,90);
INSERT INTO Clinica(NombreClinica,NumCuarto,IdSucursal) VALUES ('Centro de Salud San Pablo',9,91);
INSERT INTO Clinica(NombreClinica,NumCuarto,IdSucursal) VALUES ('Centro de Salud San Rafael',7,92);
INSERT INTO Clinica(NombreClinica,NumCuarto,IdSucursal) VALUES ('Clínica Nuestra Señora del Carmen',1,93);
INSERT INTO Clinica(NombreClinica,NumCuarto,IdSucursal) VALUES ('Clínica Virgen de Guadalupe',12,94);
INSERT INTO Clinica(NombreClinica,NumCuarto,IdSucursal) VALUES ('Hospital Santa Ana',14,95);
INSERT INTO Clinica(NombreClinica,NumCuarto,IdSucursal) VALUES ('Clínica Nuestra Señora de la Salud',5,96);
INSERT INTO Clinica(NombreClinica,NumCuarto,IdSucursal) VALUES ('Hospital San Juan de Dios',1,97);
INSERT INTO Clinica(NombreClinica,NumCuarto,IdSucursal) VALUES ('Clínica San Antonio',7,98);
INSERT INTO Clinica(NombreClinica,NumCuarto,IdSucursal) VALUES ('Centro Médico San Martín',5,99);
INSERT INTO Clinica(NombreClinica,NumCuarto,IdSucursal) VALUES ('Centro de Salud San Rafael',11,100);
INSERT INTO Clinica(NombreClinica,NumCuarto,IdSucursal) VALUES ('Clínica San José',2,101);
INSERT INTO Clinica(NombreClinica,NumCuarto,IdSucursal) VALUES ('Clínica San José',10,102);
INSERT INTO Clinica(NombreClinica,NumCuarto,IdSucursal) VALUES ('Hospital San Lucas',1,103);
INSERT INTO Clinica(NombreClinica,NumCuarto,IdSucursal) VALUES ('Clínica Nuestra Señora del Carmen',9,104);
INSERT INTO Clinica(NombreClinica,NumCuarto,IdSucursal) VALUES ('Clínica San José',7,105);
INSERT INTO Clinica(NombreClinica,NumCuarto,IdSucursal) VALUES ('Clínica Nuestra Señora del Carmen',15,106);
INSERT INTO Clinica(NombreClinica,NumCuarto,IdSucursal) VALUES ('Clínica Nuestra Señora de la Salud',12,107);
INSERT INTO Clinica(NombreClinica,NumCuarto,IdSucursal) VALUES ('Centro Médico San Martín',4,108);
INSERT INTO Clinica(NombreClinica,NumCuarto,IdSucursal) VALUES ('Hospital Santa Ana',9,109);
INSERT INTO Clinica(NombreClinica,NumCuarto,IdSucursal) VALUES ('Clínica Nuestra Señora de la Salud',6,110);
INSERT INTO Clinica(NombreClinica,NumCuarto,IdSucursal) VALUES ('Hospital Santa María',2,111);
INSERT INTO Clinica(NombreClinica,NumCuarto,IdSucursal) VALUES ('Clínica Virgen de Guadalupe',7,112);
INSERT INTO Clinica(NombreClinica,NumCuarto,IdSucursal) VALUES ('Clínica San José',13,113);
INSERT INTO Clinica(NombreClinica,NumCuarto,IdSucursal) VALUES ('Centro de Salud San Pablo',11,114);
INSERT INTO Clinica(NombreClinica,NumCuarto,IdSucursal) VALUES ('Hospital Santa María',2,115);
INSERT INTO Clinica(NombreClinica,NumCuarto,IdSucursal) VALUES ('Clínica Nuestra Señora de la Salud',8,116);
INSERT INTO Clinica(NombreClinica,NumCuarto,IdSucursal) VALUES ('Clínica San José',14,117);
INSERT INTO Clinica(NombreClinica,NumCuarto,IdSucursal) VALUES ('Clínica Nuestra Señora del Carmen',13,118);
INSERT INTO Clinica(NombreClinica,NumCuarto,IdSucursal) VALUES ('Centro Médico del Sol',8,119);
INSERT INTO Clinica(NombreClinica,NumCuarto,IdSucursal) VALUES ('Centro Médico del Sol',6,120);
INSERT INTO Clinica(NombreClinica,NumCuarto,IdSucursal) VALUES ('Clínica Virgen de Guadalupe',7,121);
INSERT INTO Clinica(NombreClinica,NumCuarto,IdSucursal) VALUES ('Clínica Santa Rosa',1,122);
INSERT INTO Clinica(NombreClinica,NumCuarto,IdSucursal) VALUES ('Hospital San Lucas',6,123);
INSERT INTO Clinica(NombreClinica,NumCuarto,IdSucursal) VALUES ('Centro Médico del Sol',12,124);
INSERT INTO Clinica(NombreClinica,NumCuarto,IdSucursal) VALUES ('Clínica San Antonio',4,125);
INSERT INTO Clinica(NombreClinica,NumCuarto,IdSucursal) VALUES ('Centro de Salud San Rafael',6,126);
INSERT INTO Clinica(NombreClinica,NumCuarto,IdSucursal) VALUES ('Centro de Salud San Pablo',5,127);
INSERT INTO Clinica(NombreClinica,NumCuarto,IdSucursal) VALUES ('Centro Médico del Sol',4,128);
INSERT INTO Clinica(NombreClinica,NumCuarto,IdSucursal) VALUES ('Clínica Nuestra Señora del Carmen',10,129);
INSERT INTO Clinica(NombreClinica,NumCuarto,IdSucursal) VALUES ('Centro Médico San Martín',7,130);
INSERT INTO Clinica(NombreClinica,NumCuarto,IdSucursal) VALUES ('Centro de Salud San Pablo',14,131);
INSERT INTO Clinica(NombreClinica,NumCuarto,IdSucursal) VALUES ('Clínica Virgen de Guadalupe',5,132);
INSERT INTO Clinica(NombreClinica,NumCuarto,IdSucursal) VALUES ('Clínica Virgen de Guadalupe',8,133);
INSERT INTO Clinica(NombreClinica,NumCuarto,IdSucursal) VALUES ('Hospital Santa María',1,134);
INSERT INTO Clinica(NombreClinica,NumCuarto,IdSucursal) VALUES ('Centro de Salud San Rafael',12,135);
INSERT INTO Clinica(NombreClinica,NumCuarto,IdSucursal) VALUES ('Hospital Santa María',10,136);
INSERT INTO Clinica(NombreClinica,NumCuarto,IdSucursal) VALUES ('Clínica Virgen de Guadalupe',15,137);
INSERT INTO Clinica(NombreClinica,NumCuarto,IdSucursal) VALUES ('Centro Médico San Miguel',3,138);
INSERT INTO Clinica(NombreClinica,NumCuarto,IdSucursal) VALUES ('Clínica Nuestra Señora de la Salud',9,139);
INSERT INTO Clinica(NombreClinica,NumCuarto,IdSucursal) VALUES ('Clínica San José',2,140);
INSERT INTO Clinica(NombreClinica,NumCuarto,IdSucursal) VALUES ('Hospital Santa Ana',12,141);
INSERT INTO Clinica(NombreClinica,NumCuarto,IdSucursal) VALUES ('Hospital San Lucas',8,142);
INSERT INTO Clinica(NombreClinica,NumCuarto,IdSucursal) VALUES ('Centro de Salud San Pablo',7,143);
INSERT INTO Clinica(NombreClinica,NumCuarto,IdSucursal) VALUES ('Clínica Nuestra Señora de la Salud',14,144);
INSERT INTO Clinica(NombreClinica,NumCuarto,IdSucursal) VALUES ('Clínica Virgen de Guadalupe',3,145);
INSERT INTO Clinica(NombreClinica,NumCuarto,IdSucursal) VALUES ('Centro Médico San Martín',15,146);
INSERT INTO Clinica(NombreClinica,NumCuarto,IdSucursal) VALUES ('Centro de Salud San Pablo',13,147);
INSERT INTO Clinica(NombreClinica,NumCuarto,IdSucursal) VALUES ('Clínica Nuestra Señora de la Salud',3,148);
INSERT INTO Clinica(NombreClinica,NumCuarto,IdSucursal) VALUES ('Hospital Santa María',1,149);
INSERT INTO Clinica(NombreClinica,NumCuarto,IdSucursal) VALUES ('Centro de Salud San Rafael',14,150);


-- 170 registros de la tabla Medico
INSERT INTO Medico(RFC,Nombre,Paterno,Materno,Calle,NumeroExterior,NumeroInterior,Colonia,Estado,Dia,Entrada,Salida,Salario,IdSucursal,InstitucionEgreso,VigenciaCertificacion,CedulaProfesional,FechaNacimiento) VALUES ('LUER1512133H5','Norrie','MacDonnell','Armin','Zaragoza',92,28,'San José','Veracruz','Sabado','12:00','20:00',93214648.26,100,'Facultad de Medicina y Cirugía','11/14/2025',1000001,'12/6/1997');
INSERT INTO Medico(RFC,Nombre,Paterno,Materno,Calle,NumeroExterior,NumeroInterior,Colonia,Estado,Dia,Entrada,Salida,Salario,IdSucursal,InstitucionEgreso,VigenciaCertificacion,CedulaProfesional,FechaNacimiento) VALUES ('AJID6905134S9','Othelia','Skynner','Caps','González',34,53,'La Esperanza','Veracruz','Lunes','4:32','12:32',75041537.46,84,'Universidad Nacional de Medicina','9/21/2028',1000002,'7/31/1993');
INSERT INTO Medico(RFC,Nombre,Paterno,Materno,Calle,NumeroExterior,NumeroInterior,Colonia,Estado,Dia,Entrada,Salida,Salario,IdSucursal,InstitucionEgreso,VigenciaCertificacion,CedulaProfesional,FechaNacimiento) VALUES ('OVIK7602025B8','Adelheid','Fenkel','Oleszczak','Callejón de los Sapos',17,39,'San Pedro','Oaxaca','Sabado','10:44','18:44',28613430.99,64,'Facultad de Medicina y Cirugía','3/4/2025',1000003,'6/4/1993');
INSERT INTO Medico(RFC,Nombre,Paterno,Materno,Calle,NumeroExterior,NumeroInterior,Colonia,Estado,Dia,Entrada,Salida,Salario,IdSucursal,InstitucionEgreso,VigenciaCertificacion,CedulaProfesional,FechaNacimiento) VALUES ('YMNG260520801','Irwin','Friman','Kisting','Zaragoza',81,35,'El Rosario','Nayarit','Jueves','22:32','06:32',28023508.22,70,'Facultad de Medicina y Cirugía','8/12/2028',1000004,'3/7/2000');
INSERT INTO Medico(RFC,Nombre,Paterno,Materno,Calle,NumeroExterior,NumeroInterior,Colonia,Estado,Dia,Entrada,Salida,Salario,IdSucursal,InstitucionEgreso,VigenciaCertificacion,CedulaProfesional,FechaNacimiento) VALUES ('ABVJ711022OI8','Berenice','Treadger','Huckell','Callejón de los Sapos',28,78,'La Esperanza','Hidalgo','Jueves','11:37','19:37',765632.83,58,'Centro de Estudios Médicos Avanzados','5/16/2028',1000005,'1/18/1994');
INSERT INTO Medico(RFC,Nombre,Paterno,Materno,Calle,NumeroExterior,NumeroInterior,Colonia,Estado,Dia,Entrada,Salida,Salario,IdSucursal,InstitucionEgreso,VigenciaCertificacion,CedulaProfesional,FechaNacimiento) VALUES ('CKFT850101LS1','Winnah','Amer','Pusey','Callejón de la Condesa',52,81,'Villa de las Flores','Nayarit','Sabado','1:48','09:48',29788461.28,62,'Escuela de Medicina y Ciencias de la Salud','6/1/2027',1000006,'11/6/1991');
INSERT INTO Medico(RFC,Nombre,Paterno,Materno,Calle,NumeroExterior,NumeroInterior,Colonia,Estado,Dia,Entrada,Salida,Salario,IdSucursal,InstitucionEgreso,VigenciaCertificacion,CedulaProfesional,FechaNacimiento) VALUES ('ALJU240808475','Berny','Sendall','Harniman','González',18,34,'La Joya','Nayarit','Jueves','17:51','01:51',90667293.4,67,'Instituto Nacional de Ciencias de la Salud','4/2/2022',1000007,'12/13/1997');
INSERT INTO Medico(RFC,Nombre,Paterno,Materno,Calle,NumeroExterior,NumeroInterior,Colonia,Estado,Dia,Entrada,Salida,Salario,IdSucursal,InstitucionEgreso,VigenciaCertificacion,CedulaProfesional,FechaNacimiento) VALUES ('FTOW2901277R4','Sabina','Smewing','Elmhurst','Hidalgo',94,52,'Las Palmas','Hidalgo','Lunes','7:52','15:52',29595635.02,20,'Centro de Estudios Médicos Avanzados','3/4/2021',1000008,'3/30/1990');
INSERT INTO Medico(RFC,Nombre,Paterno,Materno,Calle,NumeroExterior,NumeroInterior,Colonia,Estado,Dia,Entrada,Salida,Salario,IdSucursal,InstitucionEgreso,VigenciaCertificacion,CedulaProfesional,FechaNacimiento) VALUES ('INGR701125F39','Barri','McGragh','Errington','Callejón de la Condesa',23,67,'San José','Puebla','Martes','2:49','10:49',95492852.48,83,'Universidad Nacional de Medicina','9/20/2021',1000009,'3/27/1997');
INSERT INTO Medico(RFC,Nombre,Paterno,Materno,Calle,NumeroExterior,NumeroInterior,Colonia,Estado,Dia,Entrada,Salida,Salario,IdSucursal,InstitucionEgreso,VigenciaCertificacion,CedulaProfesional,FechaNacimiento) VALUES ('QYVW9506061O4','Jewell','Lethley','Spenclay','Callejón de la Condesa',27,41,'El Paraíso','Puebla','Martes','3:11','11:11',69722246.93,50,'Centro de Estudios Médicos Avanzados','7/25/2027',1000010,'1/22/1999');
INSERT INTO Medico(RFC,Nombre,Paterno,Materno,Calle,NumeroExterior,NumeroInterior,Colonia,Estado,Dia,Entrada,Salida,Salario,IdSucursal,InstitucionEgreso,VigenciaCertificacion,CedulaProfesional,FechaNacimiento) VALUES ('IAZX361214YU8','Margy','Dudson','MacPake','Zaragoza',42,7,'San Miguel','Durango','Martes','10:48','18:48',9291876.97,148,'Centro de Estudios Médicos Avanzados','4/14/2026',1000011,'5/27/1999');
INSERT INTO Medico(RFC,Nombre,Paterno,Materno,Calle,NumeroExterior,NumeroInterior,Colonia,Estado,Dia,Entrada,Salida,Salario,IdSucursal,InstitucionEgreso,VigenciaCertificacion,CedulaProfesional,FechaNacimiento) VALUES ('ZIWT430717535','Albertine','Langlois','Stringer','Carranza',89,41,'Las Palmas','Puebla','Lunes','12:49','20:49',1671755.19,96,'Escuela de Medicina y Ciencias de la Salud','10/29/2027',1000012,'6/17/1996');
INSERT INTO Medico(RFC,Nombre,Paterno,Materno,Calle,NumeroExterior,NumeroInterior,Colonia,Estado,Dia,Entrada,Salida,Salario,IdSucursal,InstitucionEgreso,VigenciaCertificacion,CedulaProfesional,FechaNacimiento) VALUES ('YNPI8312208P5','Jeno','Ferrant','Roizin','Obregón',66,91,'La Joya','Oaxaca','Miercoles','10:30','18:30',49229507.24,43,'Hospital Universitario de Medicina','8/4/2028',1000013,'1/2/1992');
INSERT INTO Medico(RFC,Nombre,Paterno,Materno,Calle,NumeroExterior,NumeroInterior,Colonia,Estado,Dia,Entrada,Salida,Salario,IdSucursal,InstitucionEgreso,VigenciaCertificacion,CedulaProfesional,FechaNacimiento) VALUES ('HLGC250815BX6','Siouxie','Aishford','Corstan','González',92,27,'Villa de las Flores','Jalisco','Miercoles','5:57','13:57',18523213.41,27,'Instituto Nacional de Ciencias de la Salud','1/4/2029',1000014,'1/2/1997');
INSERT INTO Medico(RFC,Nombre,Paterno,Materno,Calle,NumeroExterior,NumeroInterior,Colonia,Estado,Dia,Entrada,Salida,Salario,IdSucursal,InstitucionEgreso,VigenciaCertificacion,CedulaProfesional,FechaNacimiento) VALUES ('ODMU570309P48','Henriette','Tinkler','Cicchelli','Zaragoza',64,40,'Valle Verde','Oaxaca','Sabado','21:23','05:23',12440138.33,15,'Instituto de Salud Pública','1/28/2022',1000015,'7/14/1993');
INSERT INTO Medico(RFC,Nombre,Paterno,Materno,Calle,NumeroExterior,NumeroInterior,Colonia,Estado,Dia,Entrada,Salida,Salario,IdSucursal,InstitucionEgreso,VigenciaCertificacion,CedulaProfesional,FechaNacimiento) VALUES ('LDZN200920U16','Ferrel','de la Valette Parisot','Limpenny','González',70,6,'Las Palmas','Sinaloa','Sabado','15:36','23:36',73498565.23,15,'Colegio de Médicos y Cirujanos','5/25/2026',1000016,'8/28/1992');
INSERT INTO Medico(RFC,Nombre,Paterno,Materno,Calle,NumeroExterior,NumeroInterior,Colonia,Estado,Dia,Entrada,Salida,Salario,IdSucursal,InstitucionEgreso,VigenciaCertificacion,CedulaProfesional,FechaNacimiento) VALUES ('GESS891203458','Levon','Zorzutti','Osbidston','Callejón de la Amargura',57,22,'Valle Verde','Nayarit','Sabado','20:40','04:40',49941540.74,27,'Hospital Universitario de Medicina','7/18/2024',1000017,'3/9/1998');
INSERT INTO Medico(RFC,Nombre,Paterno,Materno,Calle,NumeroExterior,NumeroInterior,Colonia,Estado,Dia,Entrada,Salida,Salario,IdSucursal,InstitucionEgreso,VigenciaCertificacion,CedulaProfesional,FechaNacimiento) VALUES ('YJPS410109874','Hertha','Filippello','Adlington','Juárez',91,71,'San José','Baja California','Domingo','0:39','08:39',58373130.46,118,'Instituto Nacional de Ciencias de la Salud','7/21/2027',1000018,'8/26/1997');
INSERT INTO Medico(RFC,Nombre,Paterno,Materno,Calle,NumeroExterior,NumeroInterior,Colonia,Estado,Dia,Entrada,Salida,Salario,IdSucursal,InstitucionEgreso,VigenciaCertificacion,CedulaProfesional,FechaNacimiento) VALUES ('AXQA181206134','Jaimie','Stansall','Lundy','Independencia',22,96,'San José','Durango','Miercoles','3:05','11:05',43182920.93,149,'Escuela de Medicina y Ciencias de la Salud','4/24/2026',1000019,'5/27/1999');
INSERT INTO Medico(RFC,Nombre,Paterno,Materno,Calle,NumeroExterior,NumeroInterior,Colonia,Estado,Dia,Entrada,Salida,Salario,IdSucursal,InstitucionEgreso,VigenciaCertificacion,CedulaProfesional,FechaNacimiento) VALUES ('BTAQ271014747','Witty','Bayston','Clulow','Juárez',43,97,'La Esperanza','Sinaloa','Domingo','11:46','19:46',22897324.7,118,'Instituto de Salud Pública','12/5/2021',1000020,'12/25/1990');
INSERT INTO Medico(RFC,Nombre,Paterno,Materno,Calle,NumeroExterior,NumeroInterior,Colonia,Estado,Dia,Entrada,Salida,Salario,IdSucursal,InstitucionEgreso,VigenciaCertificacion,CedulaProfesional,FechaNacimiento) VALUES ('NHCV3501084C3','Mae','Jahnel','Steet','Madero',31,92,'El Rosario','Tamaulipas','Sabado','20:14','04:14',81561308.28,105,'Universidad Nacional de Medicina','10/3/2028',1000021,'4/2/1998');
INSERT INTO Medico(RFC,Nombre,Paterno,Materno,Calle,NumeroExterior,NumeroInterior,Colonia,Estado,Dia,Entrada,Salida,Salario,IdSucursal,InstitucionEgreso,VigenciaCertificacion,CedulaProfesional,FechaNacimiento) VALUES ('YTNO370406500','Teddy','Goodban','Stoak','Zaragoza',79,48,'Bosques de Chapultepec','Puebla','Domingo','21:39','05:39',8280587.38,47,'Universidad Nacional de Medicina','6/6/2027',1000022,'6/13/1991');
INSERT INTO Medico(RFC,Nombre,Paterno,Materno,Calle,NumeroExterior,NumeroInterior,Colonia,Estado,Dia,Entrada,Salida,Salario,IdSucursal,InstitucionEgreso,VigenciaCertificacion,CedulaProfesional,FechaNacimiento) VALUES ('RFTF9810167D3','Foss','Guttridge','De Mitris','Independencia',72,88,'Los Pinos','Oaxaca','Jueves','20:58','04:58',38104220.15,65,'Facultad de Medicina y Cirugía','4/2/2029',1000023,'11/11/1992');
INSERT INTO Medico(RFC,Nombre,Paterno,Materno,Calle,NumeroExterior,NumeroInterior,Colonia,Estado,Dia,Entrada,Salida,Salario,IdSucursal,InstitucionEgreso,VigenciaCertificacion,CedulaProfesional,FechaNacimiento) VALUES ('MLAS871117X77','Ethelbert','O''Luby','Nelmes','Guerrero',3,51,'San Miguel','Campeche','Miercoles','10:36','18:36',16760205.11,66,'Centro de Estudios Médicos Avanzados','3/14/2022',1000024,'8/6/2000');
INSERT INTO Medico(RFC,Nombre,Paterno,Materno,Calle,NumeroExterior,NumeroInterior,Colonia,Estado,Dia,Entrada,Salida,Salario,IdSucursal,InstitucionEgreso,VigenciaCertificacion,CedulaProfesional,FechaNacimiento) VALUES ('XOWZ960521Z40','Angelia','Kemwall','Kauschke','Morelos',37,41,'Bosques de Chapultepec','Aguascalientes','Martes','6:45','14:45',26426353.02,76,'Universidad Nacional de Medicina','11/17/2026',1000025,'2/16/1995');
INSERT INTO Medico(RFC,Nombre,Paterno,Materno,Calle,NumeroExterior,NumeroInterior,Colonia,Estado,Dia,Entrada,Salida,Salario,IdSucursal,InstitucionEgreso,VigenciaCertificacion,CedulaProfesional,FechaNacimiento) VALUES ('FMMK631110479','Clarinda','Bouskill','Driver','Benito Juárez',68,60,'San Pedro','Michoacán','Sabado','10:50','18:50',67386217.37,68,'Hospital Universitario de Medicina','11/2/2030',1000026,'8/23/1999');
INSERT INTO Medico(RFC,Nombre,Paterno,Materno,Calle,NumeroExterior,NumeroInterior,Colonia,Estado,Dia,Entrada,Salida,Salario,IdSucursal,InstitucionEgreso,VigenciaCertificacion,CedulaProfesional,FechaNacimiento) VALUES ('XNVU061126059','Stella','Beardshall','Doogue','Juárez',87,72,'La Primavera','Veracruz','Miercoles','8:31','16:31',21277389.92,9,'Instituto de Investigación Médica','2/28/2028',1000027,'12/16/1992');
INSERT INTO Medico(RFC,Nombre,Paterno,Materno,Calle,NumeroExterior,NumeroInterior,Colonia,Estado,Dia,Entrada,Salida,Salario,IdSucursal,InstitucionEgreso,VigenciaCertificacion,CedulaProfesional,FechaNacimiento) VALUES ('JAZQ651024ZC0','Efren','Joseph','Gifkins','Benito Juárez',92,19,'Bosques de Chapultepec','Oaxaca','Domingo','3:39','11:39',27137498.56,19,'Colegio de Médicos y Cirujanos','8/3/2029',1000028,'11/22/1991');
INSERT INTO Medico(RFC,Nombre,Paterno,Materno,Calle,NumeroExterior,NumeroInterior,Colonia,Estado,Dia,Entrada,Salida,Salario,IdSucursal,InstitucionEgreso,VigenciaCertificacion,CedulaProfesional,FechaNacimiento) VALUES ('STJX050405Z47','Arlena','Butner','Rabat','Gutiérrez',4,57,'Los Pinos','Guanajuato','Martes','11:41','19:41',74994350.21,116,'Instituto de Salud Pública','7/13/2027',1000029,'3/29/2000');
INSERT INTO Medico(RFC,Nombre,Paterno,Materno,Calle,NumeroExterior,NumeroInterior,Colonia,Estado,Dia,Entrada,Salida,Salario,IdSucursal,InstitucionEgreso,VigenciaCertificacion,CedulaProfesional,FechaNacimiento) VALUES ('PIUV720507608','Ruthi','Sidebotton','Swiffin','Carranza',91,81,'Santa Cruz','Tamaulipas','Sabado','15:24','23:24',17902966.04,127,'Facultad de Medicina y Cirugía','8/18/2026',1000030,'3/7/1996');
INSERT INTO Medico(RFC,Nombre,Paterno,Materno,Calle,NumeroExterior,NumeroInterior,Colonia,Estado,Dia,Entrada,Salida,Salario,IdSucursal,InstitucionEgreso,VigenciaCertificacion,CedulaProfesional,FechaNacimiento) VALUES ('EGAX5504052O6','Carry','Cutchie','Tuffrey','Callejón de la Condesa',94,44,'La Joya','Michoacán','Sabado','9:38','17:38',55923883.08,39,'Instituto de Investigación Médica','1/3/2026',1000031,'12/10/1995');
INSERT INTO Medico(RFC,Nombre,Paterno,Materno,Calle,NumeroExterior,NumeroInterior,Colonia,Estado,Dia,Entrada,Salida,Salario,IdSucursal,InstitucionEgreso,VigenciaCertificacion,CedulaProfesional,FechaNacimiento) VALUES ('FQQD870304166','Lilli','Saunter','Cadwell','Independencia',37,3,'El Paraíso','Nayarit','Martes','16:40','00:40',27521476.85,41,'Hospital Universitario de Medicina','7/25/2030',1000032,'4/15/1994');
INSERT INTO Medico(RFC,Nombre,Paterno,Materno,Calle,NumeroExterior,NumeroInterior,Colonia,Estado,Dia,Entrada,Salida,Salario,IdSucursal,InstitucionEgreso,VigenciaCertificacion,CedulaProfesional,FechaNacimiento) VALUES ('RUAH861204L91','Rudy','Ebbs','Lars','González',34,26,'El Paraíso','Querétaro','Jueves','9:09','17:09',68635669.84,133,'Hospital Universitario de Medicina','7/18/2029',1000033,'7/12/1991');
INSERT INTO Medico(RFC,Nombre,Paterno,Materno,Calle,NumeroExterior,NumeroInterior,Colonia,Estado,Dia,Entrada,Salida,Salario,IdSucursal,InstitucionEgreso,VigenciaCertificacion,CedulaProfesional,FechaNacimiento) VALUES ('JJRF600309L43','Darnell','Scholz','Asquith','Callejón de la Amargura',54,42,'La Primavera','Jalisco','Sabado','20:59','04:59',81243806.82,112,'Instituto de Salud Pública','10/16/2027',1000034,'6/16/1991');
INSERT INTO Medico(RFC,Nombre,Paterno,Materno,Calle,NumeroExterior,NumeroInterior,Colonia,Estado,Dia,Entrada,Salida,Salario,IdSucursal,InstitucionEgreso,VigenciaCertificacion,CedulaProfesional,FechaNacimiento) VALUES ('COAK321017879','Julietta','Jiggens','Kiddie','Callejón de la Condesa',11,48,'Bosques de Chapultepec','Veracruz','Lunes','22:37','06:37',63067139.09,70,'Colegio de Médicos y Cirujanos','5/17/2024',1000035,'7/1/1996');
INSERT INTO Medico(RFC,Nombre,Paterno,Materno,Calle,NumeroExterior,NumeroInterior,Colonia,Estado,Dia,Entrada,Salida,Salario,IdSucursal,InstitucionEgreso,VigenciaCertificacion,CedulaProfesional,FechaNacimiento) VALUES ('RGOC7911263S8','Harriot','Tolomio','Massenhove','Carranza',43,38,'La Aurora','Oaxaca','Domingo','7:13','15:13',89338333.58,91,'Centro de Estudios Médicos Avanzados','8/4/2021',1000036,'3/22/1998');
INSERT INTO Medico(RFC,Nombre,Paterno,Materno,Calle,NumeroExterior,NumeroInterior,Colonia,Estado,Dia,Entrada,Salida,Salario,IdSucursal,InstitucionEgreso,VigenciaCertificacion,CedulaProfesional,FechaNacimiento) VALUES ('XBWX9311137N1','Rollie','Slatford','Tithacott','Benito Juárez',54,80,'El Rosario','Tamaulipas','Sabado','22:05','06:05',73071705.68,61,'Universidad Nacional de Medicina','9/8/2030',1000037,'1/5/1991');
INSERT INTO Medico(RFC,Nombre,Paterno,Materno,Calle,NumeroExterior,NumeroInterior,Colonia,Estado,Dia,Entrada,Salida,Salario,IdSucursal,InstitucionEgreso,VigenciaCertificacion,CedulaProfesional,FechaNacimiento) VALUES ('YTWB600902MA0','Adriane','Flear','Lawdham','Benito Juárez',61,46,'El Rosario','Oaxaca','Domingo','16:40','00:40',24235952.88,108,'Colegio de Médicos y Cirujanos','7/31/2024',1000038,'11/14/2000');
INSERT INTO Medico(RFC,Nombre,Paterno,Materno,Calle,NumeroExterior,NumeroInterior,Colonia,Estado,Dia,Entrada,Salida,Salario,IdSucursal,InstitucionEgreso,VigenciaCertificacion,CedulaProfesional,FechaNacimiento) VALUES ('MHFQ721123PG6','Gerri','Gosnall','Cockitt','Allende',15,53,'El Rosario','Tamaulipas','Jueves','6:36','14:36',46397765.13,124,'Hospital Universitario de Medicina','5/8/2021',1000039,'12/16/1995');
INSERT INTO Medico(RFC,Nombre,Paterno,Materno,Calle,NumeroExterior,NumeroInterior,Colonia,Estado,Dia,Entrada,Salida,Salario,IdSucursal,InstitucionEgreso,VigenciaCertificacion,CedulaProfesional,FechaNacimiento) VALUES ('JUQE5907048F5','Donna','Helks','Riddock','Allende',99,90,'Santa Cruz','Querétaro','Miercoles','5:25','13:25',27635402.11,74,'Instituto de Salud Pública','8/5/2025',1000040,'11/3/1994');
INSERT INTO Medico(RFC,Nombre,Paterno,Materno,Calle,NumeroExterior,NumeroInterior,Colonia,Estado,Dia,Entrada,Salida,Salario,IdSucursal,InstitucionEgreso,VigenciaCertificacion,CedulaProfesional,FechaNacimiento) VALUES ('LWGM331003KI7','Carly','Liddall','Cleatherow','Independencia',6,42,'Bosques de Chapultepec','Jalisco','Jueves','2:03','10:03',84866845.16,91,'Escuela de Medicina y Ciencias de la Salud','10/7/2022',1000041,'5/29/1998');
INSERT INTO Medico(RFC,Nombre,Paterno,Materno,Calle,NumeroExterior,NumeroInterior,Colonia,Estado,Dia,Entrada,Salida,Salario,IdSucursal,InstitucionEgreso,VigenciaCertificacion,CedulaProfesional,FechaNacimiento) VALUES ('JAJC931006KT1','Bernete','Watton','Jedrych','González',99,15,'El Rosario','Oaxaca','Martes','1:11','09:11',56323340.16,26,'Facultad de Medicina y Cirugía','6/23/2024',1000042,'2/19/1990');
INSERT INTO Medico(RFC,Nombre,Paterno,Materno,Calle,NumeroExterior,NumeroInterior,Colonia,Estado,Dia,Entrada,Salida,Salario,IdSucursal,InstitucionEgreso,VigenciaCertificacion,CedulaProfesional,FechaNacimiento) VALUES ('LFIB731205E02','Jarret','Fevier','Kift','Pino Suárez',54,45,'La Aurora','Michoacán','Lunes','13:14','21:14',77045664.36,7,'Facultad de Medicina y Cirugía','8/2/2022',1000043,'4/4/1992');
INSERT INTO Medico(RFC,Nombre,Paterno,Materno,Calle,NumeroExterior,NumeroInterior,Colonia,Estado,Dia,Entrada,Salida,Salario,IdSucursal,InstitucionEgreso,VigenciaCertificacion,CedulaProfesional,FechaNacimiento) VALUES ('VGPG601107M95','Imelda','Lyster','Quantrill','Morelos',27,42,'La Aurora','Campeche','Sabado','3:16','11:16',85639686.87,116,'Instituto Nacional de Ciencias de la Salud','5/12/2023',1000044,'9/15/1990');
INSERT INTO Medico(RFC,Nombre,Paterno,Materno,Calle,NumeroExterior,NumeroInterior,Colonia,Estado,Dia,Entrada,Salida,Salario,IdSucursal,InstitucionEgreso,VigenciaCertificacion,CedulaProfesional,FechaNacimiento) VALUES ('AYIT890221K06','Halsy','Morigan','Tuite','Guerrero',29,51,'Bosques de Chapultepec','Jalisco','Miercoles','4:10','12:10',54225392.1,10,'Instituto Nacional de Ciencias de la Salud','3/12/2028',1000045,'12/1/1990');
INSERT INTO Medico(RFC,Nombre,Paterno,Materno,Calle,NumeroExterior,NumeroInterior,Colonia,Estado,Dia,Entrada,Salida,Salario,IdSucursal,InstitucionEgreso,VigenciaCertificacion,CedulaProfesional,FechaNacimiento) VALUES ('WTDN331204014','Ruby','Moulsdale','Pelham','Callejón de la Amargura',96,88,'El Paraíso','Campeche','Lunes','18:28','02:28',72255516.79,100,'Instituto de Investigación Médica','3/22/2028',1000046,'5/25/1996');
INSERT INTO Medico(RFC,Nombre,Paterno,Materno,Calle,NumeroExterior,NumeroInterior,Colonia,Estado,Dia,Entrada,Salida,Salario,IdSucursal,InstitucionEgreso,VigenciaCertificacion,CedulaProfesional,FechaNacimiento) VALUES ('EOXO961215018','Wendi','Senussi','Aldred','Hidalgo',53,79,'La Esperanza','Aguascalientes','Lunes','10:41','18:41',30876295.5,142,'Escuela de Medicina y Ciencias de la Salud','4/19/2030',1000047,'4/26/1993');
INSERT INTO Medico(RFC,Nombre,Paterno,Materno,Calle,NumeroExterior,NumeroInterior,Colonia,Estado,Dia,Entrada,Salida,Salario,IdSucursal,InstitucionEgreso,VigenciaCertificacion,CedulaProfesional,FechaNacimiento) VALUES ('BQUD421011B61','Reid','Kerbey','Dampney','Madero',63,87,'La Aurora','Hidalgo','Sabado','16:54','00:54',17009249.29,31,'Universidad Nacional de Medicina','1/2/2028',1000048,'6/27/1992');
INSERT INTO Medico(RFC,Nombre,Paterno,Materno,Calle,NumeroExterior,NumeroInterior,Colonia,Estado,Dia,Entrada,Salida,Salario,IdSucursal,InstitucionEgreso,VigenciaCertificacion,CedulaProfesional,FechaNacimiento) VALUES ('AIWR811223VX6','Georgeanne','Bartak','Serginson','Callejón de la Condesa',15,92,'La Joya','Oaxaca','Lunes','17:54','01:54',9450975.59,110,'Escuela Superior de Ciencias de la Salud','4/23/2022',1000049,'4/24/1997');
INSERT INTO Medico(RFC,Nombre,Paterno,Materno,Calle,NumeroExterior,NumeroInterior,Colonia,Estado,Dia,Entrada,Salida,Salario,IdSucursal,InstitucionEgreso,VigenciaCertificacion,CedulaProfesional,FechaNacimiento) VALUES ('IRRE991108F13','Jenni','Letford','Bauduin','Carranza',22,100,'Las Palmas','Baja California','Jueves','9:30','17:30',86903314.77,6,'Universidad Nacional de Medicina','4/12/2023',1000050,'6/7/1997');
INSERT INTO Medico(RFC,Nombre,Paterno,Materno,Calle,NumeroExterior,NumeroInterior,Colonia,Estado,Dia,Entrada,Salida,Salario,IdSucursal,InstitucionEgreso,VigenciaCertificacion,CedulaProfesional,FechaNacimiento) VALUES ('HFNU581118XS0','Samson','Barwick','Gratrex','Independencia',30,57,'La Aurora','Aguascalientes','Miercoles','21:00','05:00',78662056.13,12,'Instituto de Salud Pública','5/21/2026',1000051,'6/2/1997');
INSERT INTO Medico(RFC,Nombre,Paterno,Materno,Calle,NumeroExterior,NumeroInterior,Colonia,Estado,Dia,Entrada,Salida,Salario,IdSucursal,InstitucionEgreso,VigenciaCertificacion,CedulaProfesional,FechaNacimiento) VALUES ('QHOB2312233D9','Vanny','Fynan','Portwain','Callejón de los Sapos',28,40,'Santa Cruz','Querétaro','Jueves','8:43','16:43',80995376.25,99,'Escuela Superior de Ciencias de la Salud','8/29/2030',1000052,'5/25/1993');
INSERT INTO Medico(RFC,Nombre,Paterno,Materno,Calle,NumeroExterior,NumeroInterior,Colonia,Estado,Dia,Entrada,Salida,Salario,IdSucursal,InstitucionEgreso,VigenciaCertificacion,CedulaProfesional,FechaNacimiento) VALUES ('FCJW491206F26','Allyn','Gaffon','Lune','Allende',54,27,'Villa de las Flores','Tamaulipas','Martes','0:19','08:19',78384699.92,100,'Escuela de Medicina y Ciencias de la Salud','10/8/2030',1000053,'4/9/1990');
INSERT INTO Medico(RFC,Nombre,Paterno,Materno,Calle,NumeroExterior,NumeroInterior,Colonia,Estado,Dia,Entrada,Salida,Salario,IdSucursal,InstitucionEgreso,VigenciaCertificacion,CedulaProfesional,FechaNacimiento) VALUES ('WFRX601002578','Giles','Pike','Alyukin','Morelos',30,77,'La Primavera','Hidalgo','Domingo','4:39','12:39',14783426.18,21,'Escuela Superior de Ciencias de la Salud','10/12/2030',1000054,'7/14/1996');
INSERT INTO Medico(RFC,Nombre,Paterno,Materno,Calle,NumeroExterior,NumeroInterior,Colonia,Estado,Dia,Entrada,Salida,Salario,IdSucursal,InstitucionEgreso,VigenciaCertificacion,CedulaProfesional,FechaNacimiento) VALUES ('UNYX091124653','Tiffy','Lemarie','Kerbey','López Mateos',39,74,'Bosques de Chapultepec','Campeche','Martes','23:23','07:23',98710545.21,99,'Hospital Universitario de Medicina','4/22/2024',1000055,'12/8/1999');
INSERT INTO Medico(RFC,Nombre,Paterno,Materno,Calle,NumeroExterior,NumeroInterior,Colonia,Estado,Dia,Entrada,Salida,Salario,IdSucursal,InstitucionEgreso,VigenciaCertificacion,CedulaProfesional,FechaNacimiento) VALUES ('KDOP9010218C3','Bogey','Rennebeck','Montrose','Independencia',26,73,'La Joya','Durango','Jueves','14:38','22:38',21727560.02,25,'Instituto de Salud Pública','2/3/2022',1000056,'7/4/1992');
INSERT INTO Medico(RFC,Nombre,Paterno,Materno,Calle,NumeroExterior,NumeroInterior,Colonia,Estado,Dia,Entrada,Salida,Salario,IdSucursal,InstitucionEgreso,VigenciaCertificacion,CedulaProfesional,FechaNacimiento) VALUES ('UMXH751122J17','Marget','Portman','Bosley','Obregón',16,100,'La Aurora','Baja California','Sabado','3:26','11:26',1634816.58,130,'Instituto de Investigación Médica','7/16/2021',1000057,'10/10/1992');
INSERT INTO Medico(RFC,Nombre,Paterno,Materno,Calle,NumeroExterior,NumeroInterior,Colonia,Estado,Dia,Entrada,Salida,Salario,IdSucursal,InstitucionEgreso,VigenciaCertificacion,CedulaProfesional,FechaNacimiento) VALUES ('RXCZ580307HB7','Tammi','Spelwood','Essex','Pino Suárez',41,14,'San Miguel','Michoacán','Miercoles','8:23','16:23',71187634.42,75,'Escuela Superior de Ciencias de la Salud','7/18/2027',1000058,'11/14/2000');
INSERT INTO Medico(RFC,Nombre,Paterno,Materno,Calle,NumeroExterior,NumeroInterior,Colonia,Estado,Dia,Entrada,Salida,Salario,IdSucursal,InstitucionEgreso,VigenciaCertificacion,CedulaProfesional,FechaNacimiento) VALUES ('YXZW2212283B6','Leda','O''Flynn','Fishly','Hidalgo',90,7,'Los Pinos','Durango','Domingo','14:37','22:37',88850077.66,16,'Instituto de Salud Pública','6/12/2025',1000059,'4/9/1997');
INSERT INTO Medico(RFC,Nombre,Paterno,Materno,Calle,NumeroExterior,NumeroInterior,Colonia,Estado,Dia,Entrada,Salida,Salario,IdSucursal,InstitucionEgreso,VigenciaCertificacion,CedulaProfesional,FechaNacimiento) VALUES ('ULLZ611205118','Allan','Corrigan','Antyukhin','Callejón de la Condesa',52,56,'La Esperanza','Jalisco','Lunes','20:40','04:40',77348449.47,11,'Instituto Nacional de Ciencias de la Salud','7/11/2029',1000060,'2/12/1990');
INSERT INTO Medico(RFC,Nombre,Paterno,Materno,Calle,NumeroExterior,NumeroInterior,Colonia,Estado,Dia,Entrada,Salida,Salario,IdSucursal,InstitucionEgreso,VigenciaCertificacion,CedulaProfesional,FechaNacimiento) VALUES ('PXVE131026XP3','Nanice','Hatrick','Zorener','Gutiérrez',34,30,'La Esperanza','Guanajuato','Martes','16:43','00:43',41488266.61,85,'Centro de Estudios Médicos Avanzados','12/20/2030',1000061,'8/21/1998');
INSERT INTO Medico(RFC,Nombre,Paterno,Materno,Calle,NumeroExterior,NumeroInterior,Colonia,Estado,Dia,Entrada,Salida,Salario,IdSucursal,InstitucionEgreso,VigenciaCertificacion,CedulaProfesional,FechaNacimiento) VALUES ('QUMG921228TB3','Armin','McKune','Grellier','Zaragoza',29,54,'San Miguel','Sinaloa','Martes','6:36','14:36',48984686.27,19,'Escuela de Medicina y Ciencias de la Salud','12/18/2023',1000062,'6/9/1992');
INSERT INTO Medico(RFC,Nombre,Paterno,Materno,Calle,NumeroExterior,NumeroInterior,Colonia,Estado,Dia,Entrada,Salida,Salario,IdSucursal,InstitucionEgreso,VigenciaCertificacion,CedulaProfesional,FechaNacimiento) VALUES ('YDRH630812765','Clerkclaude','Shalliker','Oda','Callejón de la Condesa',70,72,'Las Palmas','Jalisco','Miercoles','5:51','13:51',23691800.82,103,'Instituto de Salud Pública','2/1/2030',1000063,'9/26/1997');
INSERT INTO Medico(RFC,Nombre,Paterno,Materno,Calle,NumeroExterior,NumeroInterior,Colonia,Estado,Dia,Entrada,Salida,Salario,IdSucursal,InstitucionEgreso,VigenciaCertificacion,CedulaProfesional,FechaNacimiento) VALUES ('GRNO970905G04','Livvie','Troubridge','Piffe','Guerrero',46,21,'San Pedro','Hidalgo','Jueves','15:28','23:28',78562667.63,4,'Hospital Universitario de Medicina','12/4/2022',1000064,'1/16/1993');
INSERT INTO Medico(RFC,Nombre,Paterno,Materno,Calle,NumeroExterior,NumeroInterior,Colonia,Estado,Dia,Entrada,Salida,Salario,IdSucursal,InstitucionEgreso,VigenciaCertificacion,CedulaProfesional,FechaNacimiento) VALUES ('HJSL3112152A4','Kyle','Sunderland','Spondley','Callejón de la Amargura',14,63,'La Esperanza','Aguascalientes','Lunes','4:03','12:03',93484993.36,102,'Colegio de Médicos y Cirujanos','8/7/2025',1000065,'7/16/1999');
INSERT INTO Medico(RFC,Nombre,Paterno,Materno,Calle,NumeroExterior,NumeroInterior,Colonia,Estado,Dia,Entrada,Salida,Salario,IdSucursal,InstitucionEgreso,VigenciaCertificacion,CedulaProfesional,FechaNacimiento) VALUES ('XFWY421023350','Kerby','Roddell','Puxley','Gutiérrez',96,86,'La Joya','Veracruz','Lunes','10:10','18:10',21697481.01,67,'Instituto de Salud Pública','1/25/2029',1000066,'6/3/1998');
INSERT INTO Medico(RFC,Nombre,Paterno,Materno,Calle,NumeroExterior,NumeroInterior,Colonia,Estado,Dia,Entrada,Salida,Salario,IdSucursal,InstitucionEgreso,VigenciaCertificacion,CedulaProfesional,FechaNacimiento) VALUES ('TDYL021028K25','Ivan','Leman','Berwick','Independencia',44,10,'Villa de las Flores','Puebla','Martes','4:31','12:31',67371241.79,121,'Instituto de Salud Pública','8/1/2026',1000067,'9/2/1993');
INSERT INTO Medico(RFC,Nombre,Paterno,Materno,Calle,NumeroExterior,NumeroInterior,Colonia,Estado,Dia,Entrada,Salida,Salario,IdSucursal,InstitucionEgreso,VigenciaCertificacion,CedulaProfesional,FechaNacimiento) VALUES ('OKCZ291009T10','Gratia','Risbie','Quan','Gutiérrez',70,19,'La Joya','Campeche','Jueves','18:33','02:33',28200395.69,12,'Universidad Nacional de Medicina','4/18/2027',1000068,'8/22/2000');
INSERT INTO Medico(RFC,Nombre,Paterno,Materno,Calle,NumeroExterior,NumeroInterior,Colonia,Estado,Dia,Entrada,Salida,Salario,IdSucursal,InstitucionEgreso,VigenciaCertificacion,CedulaProfesional,FechaNacimiento) VALUES ('TFLH4412267A4','Sansone','Dawidowitsch','Carillo','Callejón de la Condesa',72,7,'Valle Verde','Baja California','Martes','8:32','16:32',3067411.89,99,'Colegio de Médicos y Cirujanos','10/16/2023',1000069,'3/23/1997');
INSERT INTO Medico(RFC,Nombre,Paterno,Materno,Calle,NumeroExterior,NumeroInterior,Colonia,Estado,Dia,Entrada,Salida,Salario,IdSucursal,InstitucionEgreso,VigenciaCertificacion,CedulaProfesional,FechaNacimiento) VALUES ('RLAX541022QO6','Jorie','Peckitt','Halburton','Guerrero',31,58,'San Miguel','Aguascalientes','Sabado','23:32','07:32',60744220.56,70,'Hospital Universitario de Medicina','8/12/2028',1000070,'12/31/1992');
INSERT INTO Medico(RFC,Nombre,Paterno,Materno,Calle,NumeroExterior,NumeroInterior,Colonia,Estado,Dia,Entrada,Salida,Salario,IdSucursal,InstitucionEgreso,VigenciaCertificacion,CedulaProfesional,FechaNacimiento) VALUES ('WQJK350228925','Ophelie','Lemonby','Broodes','Callejón de los Sapos',65,18,'La Aurora','Jalisco','Lunes','6:39','14:39',62223034.62,27,'Centro de Estudios Médicos Avanzados','11/30/2028',1000071,'2/18/1995');
INSERT INTO Medico(RFC,Nombre,Paterno,Materno,Calle,NumeroExterior,NumeroInterior,Colonia,Estado,Dia,Entrada,Salida,Salario,IdSucursal,InstitucionEgreso,VigenciaCertificacion,CedulaProfesional,FechaNacimiento) VALUES ('UNYA230717NU2','Etta','Philipeau','Linde','Juárez',53,15,'La Primavera','Nayarit','Martes','5:37','13:37',46322788.61,145,'Instituto de Investigación Médica','2/22/2026',1000072,'7/21/1993');
INSERT INTO Medico(RFC,Nombre,Paterno,Materno,Calle,NumeroExterior,NumeroInterior,Colonia,Estado,Dia,Entrada,Salida,Salario,IdSucursal,InstitucionEgreso,VigenciaCertificacion,CedulaProfesional,FechaNacimiento) VALUES ('BPGA8104175A7','Lane','Riediger','McCurtain','López Mateos',24,40,'Santa Cruz','Durango','Jueves','18:12','02:12',39087774.07,15,'Centro de Estudios Médicos Avanzados','7/25/2028',1000073,'10/3/1991');
INSERT INTO Medico(RFC,Nombre,Paterno,Materno,Calle,NumeroExterior,NumeroInterior,Colonia,Estado,Dia,Entrada,Salida,Salario,IdSucursal,InstitucionEgreso,VigenciaCertificacion,CedulaProfesional,FechaNacimiento) VALUES ('CMTC7511217I1','Romain','Soane','Kinloch','Callejón de la Condesa',49,20,'Santa Cruz','Sinaloa','Jueves','11:22','19:22',26447994.2,34,'Facultad de Medicina y Cirugía','12/30/2021',1000074,'9/14/1993');
INSERT INTO Medico(RFC,Nombre,Paterno,Materno,Calle,NumeroExterior,NumeroInterior,Colonia,Estado,Dia,Entrada,Salida,Salario,IdSucursal,InstitucionEgreso,VigenciaCertificacion,CedulaProfesional,FechaNacimiento) VALUES ('HVWN7411012Z4','Vassily','Ellor','Lehrer','Callejón de los Sapos',11,41,'Bosques de Chapultepec','Sinaloa','Lunes','2:53','10:53',23780130.78,69,'Instituto de Investigación Médica','9/26/2028',1000075,'12/22/1996');
INSERT INTO Medico(RFC,Nombre,Paterno,Materno,Calle,NumeroExterior,NumeroInterior,Colonia,Estado,Dia,Entrada,Salida,Salario,IdSucursal,InstitucionEgreso,VigenciaCertificacion,CedulaProfesional,FechaNacimiento) VALUES ('QOFX051101381','Ashlan','Eldrid','Jonczyk','Independencia',44,4,'Los Pinos','Campeche','Martes','4:09','12:09',9152418.62,146,'Centro de Estudios Médicos Avanzados','12/16/2025',1000076,'10/3/1994');
INSERT INTO Medico(RFC,Nombre,Paterno,Materno,Calle,NumeroExterior,NumeroInterior,Colonia,Estado,Dia,Entrada,Salida,Salario,IdSucursal,InstitucionEgreso,VigenciaCertificacion,CedulaProfesional,FechaNacimiento) VALUES ('ZRWD710728865','Jamal','Cockerton','Wharlton','González',91,48,'La Esperanza','Aguascalientes','Lunes','11:05','19:05',58476406.78,149,'Universidad Nacional de Medicina','8/26/2023',1000077,'1/11/1994');
INSERT INTO Medico(RFC,Nombre,Paterno,Materno,Calle,NumeroExterior,NumeroInterior,Colonia,Estado,Dia,Entrada,Salida,Salario,IdSucursal,InstitucionEgreso,VigenciaCertificacion,CedulaProfesional,FechaNacimiento) VALUES ('YSUI1104159Z1','Margalit','Itzcovichch','Harford','Independencia',38,29,'El Paraíso','Jalisco','Sabado','12:18','20:18',65003621.13,116,'Escuela de Medicina y Ciencias de la Salud','7/14/2030',1000078,'4/26/2000');
INSERT INTO Medico(RFC,Nombre,Paterno,Materno,Calle,NumeroExterior,NumeroInterior,Colonia,Estado,Dia,Entrada,Salida,Salario,IdSucursal,InstitucionEgreso,VigenciaCertificacion,CedulaProfesional,FechaNacimiento) VALUES ('APUN150112313','Hubie','Seedull','Hartrick','Gutiérrez',58,60,'La Esperanza','Baja California','Jueves','3:07','11:07',55541720.19,144,'Instituto Nacional de Ciencias de la Salud','6/26/2021',1000079,'2/13/1992');
INSERT INTO Medico(RFC,Nombre,Paterno,Materno,Calle,NumeroExterior,NumeroInterior,Colonia,Estado,Dia,Entrada,Salida,Salario,IdSucursal,InstitucionEgreso,VigenciaCertificacion,CedulaProfesional,FechaNacimiento) VALUES ('CGNT831015960','Martin','Lannon','Coggon','Gutiérrez',79,82,'Las Palmas','Oaxaca','Domingo','10:36','18:36',70839588.77,39,'Instituto Nacional de Ciencias de la Salud','6/10/2030',1000080,'2/1/1996');
INSERT INTO Medico(RFC,Nombre,Paterno,Materno,Calle,NumeroExterior,NumeroInterior,Colonia,Estado,Dia,Entrada,Salida,Salario,IdSucursal,InstitucionEgreso,VigenciaCertificacion,CedulaProfesional,FechaNacimiento) VALUES ('OHKF761210K29','Seumas','Lawden','Blesli','Allende',57,59,'Villa de las Flores','Tamaulipas','Domingo','20:57','04:57',41050341.06,70,'Escuela de Medicina y Ciencias de la Salud','10/17/2021',1000081,'12/19/1992');
INSERT INTO Medico(RFC,Nombre,Paterno,Materno,Calle,NumeroExterior,NumeroInterior,Colonia,Estado,Dia,Entrada,Salida,Salario,IdSucursal,InstitucionEgreso,VigenciaCertificacion,CedulaProfesional,FechaNacimiento) VALUES ('EYKO630826461','Chaddy','Painter','Baile','González',23,53,'Santa Cruz','Hidalgo','Domingo','19:35','03:35',26320905.81,104,'Universidad Nacional de Medicina','8/13/2028',1000082,'8/15/1998');
INSERT INTO Medico(RFC,Nombre,Paterno,Materno,Calle,NumeroExterior,NumeroInterior,Colonia,Estado,Dia,Entrada,Salida,Salario,IdSucursal,InstitucionEgreso,VigenciaCertificacion,CedulaProfesional,FechaNacimiento) VALUES ('XVLZ030516T36','Parnell','Blissett','Berthod','Carranza',31,79,'El Paraíso','Durango','Jueves','11:21','19:21',34395987.97,72,'Escuela de Medicina y Ciencias de la Salud','9/11/2021',1000083,'4/1/1996');
INSERT INTO Medico(RFC,Nombre,Paterno,Materno,Calle,NumeroExterior,NumeroInterior,Colonia,Estado,Dia,Entrada,Salida,Salario,IdSucursal,InstitucionEgreso,VigenciaCertificacion,CedulaProfesional,FechaNacimiento) VALUES ('UNCZ961025QE0','Nanny','Hawkshaw','Dolden','Madero',27,25,'La Aurora','Durango','Martes','4:11','12:11',74510794.45,114,'Hospital Universitario de Medicina','3/1/2023',1000084,'3/17/1998');
INSERT INTO Medico(RFC,Nombre,Paterno,Materno,Calle,NumeroExterior,NumeroInterior,Colonia,Estado,Dia,Entrada,Salida,Salario,IdSucursal,InstitucionEgreso,VigenciaCertificacion,CedulaProfesional,FechaNacimiento) VALUES ('TPDY631024AQ5','Bern','Lyndon','Wavish','Callejón de la Condesa',82,27,'La Aurora','Michoacán','Domingo','8:54','16:54',35051982.99,17,'Instituto Nacional de Ciencias de la Salud','11/22/2022',1000085,'1/26/2000');
INSERT INTO Medico(RFC,Nombre,Paterno,Materno,Calle,NumeroExterior,NumeroInterior,Colonia,Estado,Dia,Entrada,Salida,Salario,IdSucursal,InstitucionEgreso,VigenciaCertificacion,CedulaProfesional,FechaNacimiento) VALUES ('JQVI631215LL9','Melisenda','McCurry','Jon','Callejón de la Amargura',33,54,'Las Palmas','Querétaro','Domingo','23:33','07:33',59906156.21,123,'Escuela de Medicina y Ciencias de la Salud','2/24/2025',1000086,'7/12/1996');
INSERT INTO Medico(RFC,Nombre,Paterno,Materno,Calle,NumeroExterior,NumeroInterior,Colonia,Estado,Dia,Entrada,Salida,Salario,IdSucursal,InstitucionEgreso,VigenciaCertificacion,CedulaProfesional,FechaNacimiento) VALUES ('AAIG510101T04','Phedra','Acres','Phillipson','Guerrero',60,77,'La Esperanza','Durango','Sabado','14:22','22:22',331139.72,64,'Instituto Nacional de Ciencias de la Salud','7/23/2021',1000087,'4/17/1997');
INSERT INTO Medico(RFC,Nombre,Paterno,Materno,Calle,NumeroExterior,NumeroInterior,Colonia,Estado,Dia,Entrada,Salida,Salario,IdSucursal,InstitucionEgreso,VigenciaCertificacion,CedulaProfesional,FechaNacimiento) VALUES ('PJPL6910099E1','Sara-ann','Dibbs','Krollmann','Callejón de la Amargura',39,26,'La Primavera','Aguascalientes','Jueves','12:08','20:08',70579189.36,100,'Facultad de Medicina y Cirugía','7/27/2028',1000088,'7/5/1990');
INSERT INTO Medico(RFC,Nombre,Paterno,Materno,Calle,NumeroExterior,NumeroInterior,Colonia,Estado,Dia,Entrada,Salida,Salario,IdSucursal,InstitucionEgreso,VigenciaCertificacion,CedulaProfesional,FechaNacimiento) VALUES ('HTIK401209O06','Obed','Lapslie','Ferraraccio','Independencia',84,91,'El Rosario','Oaxaca','Miercoles','13:22','21:22',97983630.3,97,'Instituto Nacional de Ciencias de la Salud','5/26/2030',1000089,'9/19/1997');
INSERT INTO Medico(RFC,Nombre,Paterno,Materno,Calle,NumeroExterior,NumeroInterior,Colonia,Estado,Dia,Entrada,Salida,Salario,IdSucursal,InstitucionEgreso,VigenciaCertificacion,CedulaProfesional,FechaNacimiento) VALUES ('HITQ641222Q87','Esme','Gillise','Giraldez','González',96,7,'Las Palmas','Hidalgo','Miercoles','17:26','01:26',59208824.15,127,'Escuela Superior de Ciencias de la Salud','9/19/2021',1000090,'2/22/2000');
INSERT INTO Medico(RFC,Nombre,Paterno,Materno,Calle,NumeroExterior,NumeroInterior,Colonia,Estado,Dia,Entrada,Salida,Salario,IdSucursal,InstitucionEgreso,VigenciaCertificacion,CedulaProfesional,FechaNacimiento) VALUES ('MODP281222243','Raviv','Jeavons','Lainton','Callejón del Beso',39,19,'La Aurora','Veracruz','Martes','20:34','04:34',62611371.95,139,'Escuela Superior de Ciencias de la Salud','9/27/2022',1000091,'7/4/1993');
INSERT INTO Medico(RFC,Nombre,Paterno,Materno,Calle,NumeroExterior,NumeroInterior,Colonia,Estado,Dia,Entrada,Salida,Salario,IdSucursal,InstitucionEgreso,VigenciaCertificacion,CedulaProfesional,FechaNacimiento) VALUES ('ONZB221013PI7','Nelie','Christopherson','Sells','Independencia',77,72,'La Primavera','Sinaloa','Sabado','2:20','10:20',12207616.31,139,'Instituto de Investigación Médica','3/2/2029',1000092,'4/6/1993');
INSERT INTO Medico(RFC,Nombre,Paterno,Materno,Calle,NumeroExterior,NumeroInterior,Colonia,Estado,Dia,Entrada,Salida,Salario,IdSucursal,InstitucionEgreso,VigenciaCertificacion,CedulaProfesional,FechaNacimiento) VALUES ('JLZT550609VP2','Westbrooke','Aubert','Waleworke','González',66,86,'La Esperanza','Nayarit','Jueves','4:21','12:21',47385012.53,78,'Universidad Nacional de Medicina','3/28/2028',1000093,'1/13/1997');
INSERT INTO Medico(RFC,Nombre,Paterno,Materno,Calle,NumeroExterior,NumeroInterior,Colonia,Estado,Dia,Entrada,Salida,Salario,IdSucursal,InstitucionEgreso,VigenciaCertificacion,CedulaProfesional,FechaNacimiento) VALUES ('LCUR9503285G6','Ambrosio','Woolham','Bunkle','Independencia',96,73,'Bosques de Chapultepec','Sinaloa','Jueves','14:46','22:46',28276712.97,80,'Universidad Nacional de Medicina','7/23/2028',1000094,'2/19/1991');
INSERT INTO Medico(RFC,Nombre,Paterno,Materno,Calle,NumeroExterior,NumeroInterior,Colonia,Estado,Dia,Entrada,Salida,Salario,IdSucursal,InstitucionEgreso,VigenciaCertificacion,CedulaProfesional,FechaNacimiento) VALUES ('BOGL511207O03','Philippa','Pymar','Maywood','Obregón',81,33,'La Primavera','Veracruz','Jueves','0:18','08:18',96824988.78,6,'Instituto de Investigación Médica','9/15/2021',1000095,'10/14/1992');
INSERT INTO Medico(RFC,Nombre,Paterno,Materno,Calle,NumeroExterior,NumeroInterior,Colonia,Estado,Dia,Entrada,Salida,Salario,IdSucursal,InstitucionEgreso,VigenciaCertificacion,CedulaProfesional,FechaNacimiento) VALUES ('KTUJ1311111U0','Nanete','Shaudfurth','Pumfrett','González',63,68,'La Esperanza','Nayarit','Lunes','23:08','07:08',34696449.0,10,'Facultad de Medicina y Cirugía','8/28/2027',1000096,'7/8/2000');
INSERT INTO Medico(RFC,Nombre,Paterno,Materno,Calle,NumeroExterior,NumeroInterior,Colonia,Estado,Dia,Entrada,Salida,Salario,IdSucursal,InstitucionEgreso,VigenciaCertificacion,CedulaProfesional,FechaNacimiento) VALUES ('KICE371204R42','Ruggiero','Kinkade','Cuerdale','Guerrero',68,32,'San Miguel','Guanajuato','Domingo','20:32','04:32',30242370.42,74,'Instituto de Investigación Médica','10/23/2026',1000097,'10/14/1993');
INSERT INTO Medico(RFC,Nombre,Paterno,Materno,Calle,NumeroExterior,NumeroInterior,Colonia,Estado,Dia,Entrada,Salida,Salario,IdSucursal,InstitucionEgreso,VigenciaCertificacion,CedulaProfesional,FechaNacimiento) VALUES ('XIIJ2912236F9','Chlo','Jacobsz','Hause','Zaragoza',75,25,'San Pedro','Querétaro','Jueves','22:38','06:38',10513826.44,77,'Hospital Universitario de Medicina','2/12/2030',1000098,'8/17/1995');
INSERT INTO Medico(RFC,Nombre,Paterno,Materno,Calle,NumeroExterior,NumeroInterior,Colonia,Estado,Dia,Entrada,Salida,Salario,IdSucursal,InstitucionEgreso,VigenciaCertificacion,CedulaProfesional,FechaNacimiento) VALUES ('CEYR3710062Y2','Alverta','Petyanin','Astling','Callejón de la Amargura',76,4,'San José','Baja California','Martes','10:49','18:49',86881366.53,60,'Instituto Nacional de Ciencias de la Salud','1/4/2025',1000099,'5/21/1997');
INSERT INTO Medico(RFC,Nombre,Paterno,Materno,Calle,NumeroExterior,NumeroInterior,Colonia,Estado,Dia,Entrada,Salida,Salario,IdSucursal,InstitucionEgreso,VigenciaCertificacion,CedulaProfesional,FechaNacimiento) VALUES ('KSZL810216HB2','Ricca','Touson','Rabson','Hidalgo',96,99,'Las Palmas','Michoacán','Jueves','20:28','04:28',17595663.21,141,'Colegio de Médicos y Cirujanos','5/28/2028',1000100,'8/22/1995');
INSERT INTO Medico(RFC,Nombre,Paterno,Materno,Calle,NumeroExterior,NumeroInterior,Colonia,Estado,Dia,Entrada,Salida,Salario,IdSucursal,InstitucionEgreso,VigenciaCertificacion,CedulaProfesional,FechaNacimiento) VALUES ('OYQL851007CO5','Miller','Emig','Garrals','Madero',23,99,'Bosques de Chapultepec','Baja California','Sabado','10:57','18:57',11803413.02,97,'Hospital Universitario de Medicina','10/20/2024',1000101,'3/26/2000');
INSERT INTO Medico(RFC,Nombre,Paterno,Materno,Calle,NumeroExterior,NumeroInterior,Colonia,Estado,Dia,Entrada,Salida,Salario,IdSucursal,InstitucionEgreso,VigenciaCertificacion,CedulaProfesional,FechaNacimiento) VALUES ('MUFQ310904P65','Ryley','Descroix','Carlsen','López Mateos',80,41,'Villa de las Flores','Sinaloa','Miercoles','10:24','18:24',88009635.72,109,'Instituto Nacional de Ciencias de la Salud','10/28/2022',1000102,'3/25/1990');
INSERT INTO Medico(RFC,Nombre,Paterno,Materno,Calle,NumeroExterior,NumeroInterior,Colonia,Estado,Dia,Entrada,Salida,Salario,IdSucursal,InstitucionEgreso,VigenciaCertificacion,CedulaProfesional,FechaNacimiento) VALUES ('OSLA461101M19','Sybille','Kohnemann','Crudgington','Revolución',89,84,'El Paraíso','Tamaulipas','Domingo','10:29','18:29',56222131.73,33,'Hospital Universitario de Medicina','12/4/2024',1000103,'3/25/1990');
INSERT INTO Medico(RFC,Nombre,Paterno,Materno,Calle,NumeroExterior,NumeroInterior,Colonia,Estado,Dia,Entrada,Salida,Salario,IdSucursal,InstitucionEgreso,VigenciaCertificacion,CedulaProfesional,FechaNacimiento) VALUES ('OMPU860415A55','Tuesday','Minchell','Braim','Independencia',91,14,'Las Palmas','Tamaulipas','Lunes','2:32','10:32',89212495.6,141,'Instituto de Salud Pública','1/8/2028',1000104,'6/14/1991');
INSERT INTO Medico(RFC,Nombre,Paterno,Materno,Calle,NumeroExterior,NumeroInterior,Colonia,Estado,Dia,Entrada,Salida,Salario,IdSucursal,InstitucionEgreso,VigenciaCertificacion,CedulaProfesional,FechaNacimiento) VALUES ('CUPO050214FS0','Robena','Bollands','Satterly','Allende',25,10,'La Esperanza','Guanajuato','Domingo','1:13','09:13',47717678.53,89,'Escuela de Medicina y Ciencias de la Salud','9/18/2028',1000105,'3/17/1990');
INSERT INTO Medico(RFC,Nombre,Paterno,Materno,Calle,NumeroExterior,NumeroInterior,Colonia,Estado,Dia,Entrada,Salida,Salario,IdSucursal,InstitucionEgreso,VigenciaCertificacion,CedulaProfesional,FechaNacimiento) VALUES ('USWY781002AK9','Therine','Briereton','Bourton','Revolución',22,87,'La Primavera','Jalisco','Lunes','21:21','05:21',48929982.49,27,'Instituto de Salud Pública','6/27/2021',1000106,'8/15/1997');
INSERT INTO Medico(RFC,Nombre,Paterno,Materno,Calle,NumeroExterior,NumeroInterior,Colonia,Estado,Dia,Entrada,Salida,Salario,IdSucursal,InstitucionEgreso,VigenciaCertificacion,CedulaProfesional,FechaNacimiento) VALUES ('HLMX590510527','Claudetta','Tunno','Humburton','Callejón de la Condesa',78,24,'Los Pinos','Nayarit','Jueves','19:15','03:15',89935431.0,120,'Escuela Superior de Ciencias de la Salud','3/6/2023',1000107,'2/10/1999');
INSERT INTO Medico(RFC,Nombre,Paterno,Materno,Calle,NumeroExterior,NumeroInterior,Colonia,Estado,Dia,Entrada,Salida,Salario,IdSucursal,InstitucionEgreso,VigenciaCertificacion,CedulaProfesional,FechaNacimiento) VALUES ('HNML501005Q40','Carry','Rhubottom','Pearl','Zaragoza',39,2,'Los Pinos','Aguascalientes','Jueves','18:25','02:25',61478056.82,6,'Centro de Estudios Médicos Avanzados','11/15/2021',1000108,'12/27/1998');
INSERT INTO Medico(RFC,Nombre,Paterno,Materno,Calle,NumeroExterior,NumeroInterior,Colonia,Estado,Dia,Entrada,Salida,Salario,IdSucursal,InstitucionEgreso,VigenciaCertificacion,CedulaProfesional,FechaNacimiento) VALUES ('AHTB9806061U6','Samaria','Vondrys','Gorvin','Allende',2,94,'Villa de las Flores','Querétaro','Domingo','1:51','09:51',91297505.24,102,'Escuela Superior de Ciencias de la Salud','1/11/2028',1000109,'6/14/1994');
INSERT INTO Medico(RFC,Nombre,Paterno,Materno,Calle,NumeroExterior,NumeroInterior,Colonia,Estado,Dia,Entrada,Salida,Salario,IdSucursal,InstitucionEgreso,VigenciaCertificacion,CedulaProfesional,FechaNacimiento) VALUES ('QJJX610201S96','Way','Dicey','Airlie','Guerrero',15,44,'La Aurora','Michoacán','Jueves','13:49','21:49',64117105.26,131,'Instituto de Investigación Médica','12/13/2024',1000110,'2/12/1990');
INSERT INTO Medico(RFC,Nombre,Paterno,Materno,Calle,NumeroExterior,NumeroInterior,Colonia,Estado,Dia,Entrada,Salida,Salario,IdSucursal,InstitucionEgreso,VigenciaCertificacion,CedulaProfesional,FechaNacimiento) VALUES ('CPST580615SU0','Ashli','Blaza','Farish','Revolución',61,8,'La Joya','Durango','Domingo','18:15','02:15',60480286.01,120,'Escuela Superior de Ciencias de la Salud','3/20/2022',1000111,'2/18/1997');
INSERT INTO Medico(RFC,Nombre,Paterno,Materno,Calle,NumeroExterior,NumeroInterior,Colonia,Estado,Dia,Entrada,Salida,Salario,IdSucursal,InstitucionEgreso,VigenciaCertificacion,CedulaProfesional,FechaNacimiento) VALUES ('KQKG1103029P8','Delia','Benasik','Churchlow','Benito Juárez',18,20,'El Paraíso','Veracruz','Jueves','2:42','10:42',98254060.8,71,'Escuela de Medicina y Ciencias de la Salud','9/2/2025',1000112,'4/24/1992');
INSERT INTO Medico(RFC,Nombre,Paterno,Materno,Calle,NumeroExterior,NumeroInterior,Colonia,Estado,Dia,Entrada,Salida,Salario,IdSucursal,InstitucionEgreso,VigenciaCertificacion,CedulaProfesional,FechaNacimiento) VALUES ('NRXT3908284I2','Cristi','Eccleshare','Antonignetti','Morelos',94,80,'Las Palmas','Baja California','Martes','6:46','14:46',66591949.45,87,'Centro de Estudios Médicos Avanzados','2/16/2024',1000113,'1/22/1996');
INSERT INTO Medico(RFC,Nombre,Paterno,Materno,Calle,NumeroExterior,NumeroInterior,Colonia,Estado,Dia,Entrada,Salida,Salario,IdSucursal,InstitucionEgreso,VigenciaCertificacion,CedulaProfesional,FechaNacimiento) VALUES ('FKHW7211093E0','Claresta','Zukerman','Vail','Juárez',82,36,'La Esperanza','Hidalgo','Miercoles','11:30','19:30',36184369.7,105,'Centro de Estudios Médicos Avanzados','8/7/2030',1000114,'3/28/1998');
INSERT INTO Medico(RFC,Nombre,Paterno,Materno,Calle,NumeroExterior,NumeroInterior,Colonia,Estado,Dia,Entrada,Salida,Salario,IdSucursal,InstitucionEgreso,VigenciaCertificacion,CedulaProfesional,FechaNacimiento) VALUES ('VLHW740101P95','Wynn','Fazackerley','Wilks','Madero',99,10,'San Pedro','Hidalgo','Miercoles','22:01','06:01',31814506.61,17,'Instituto Nacional de Ciencias de la Salud','4/18/2026',1000115,'12/1/1992');
INSERT INTO Medico(RFC,Nombre,Paterno,Materno,Calle,NumeroExterior,NumeroInterior,Colonia,Estado,Dia,Entrada,Salida,Salario,IdSucursal,InstitucionEgreso,VigenciaCertificacion,CedulaProfesional,FechaNacimiento) VALUES ('PDLT471213V31','Nikolos','Durber','McNeill','Morelos',64,74,'La Primavera','Campeche','Lunes','9:17','17:17',16179544.53,6,'Escuela de Medicina y Ciencias de la Salud','1/25/2021',1000116,'7/13/1999');
INSERT INTO Medico(RFC,Nombre,Paterno,Materno,Calle,NumeroExterior,NumeroInterior,Colonia,Estado,Dia,Entrada,Salida,Salario,IdSucursal,InstitucionEgreso,VigenciaCertificacion,CedulaProfesional,FechaNacimiento) VALUES ('FFCQ2001018B3','Doro','Asipenko','Simonaitis','Callejón de los Sapos',40,7,'El Paraíso','Michoacán','Sabado','19:27','03:27',346308.38,100,'Instituto de Investigación Médica','1/21/2024',1000117,'12/4/2000');
INSERT INTO Medico(RFC,Nombre,Paterno,Materno,Calle,NumeroExterior,NumeroInterior,Colonia,Estado,Dia,Entrada,Salida,Salario,IdSucursal,InstitucionEgreso,VigenciaCertificacion,CedulaProfesional,FechaNacimiento) VALUES ('NAEW521203571','Skye','Firebrace','Kemshell','López Mateos',93,56,'San José','Sinaloa','Lunes','22:29','06:29',39122368.65,7,'Escuela Superior de Ciencias de la Salud','8/27/2022',1000118,'6/3/1994');
INSERT INTO Medico(RFC,Nombre,Paterno,Materno,Calle,NumeroExterior,NumeroInterior,Colonia,Estado,Dia,Entrada,Salida,Salario,IdSucursal,InstitucionEgreso,VigenciaCertificacion,CedulaProfesional,FechaNacimiento) VALUES ('IGDC081201WE5','Meris','Worrell','Vicary','Revolución',10,70,'Villa de las Flores','Michoacán','Sabado','14:49','22:49',73365257.65,65,'Instituto de Investigación Médica','1/7/2027',1000119,'11/13/1990');
INSERT INTO Medico(RFC,Nombre,Paterno,Materno,Calle,NumeroExterior,NumeroInterior,Colonia,Estado,Dia,Entrada,Salida,Salario,IdSucursal,InstitucionEgreso,VigenciaCertificacion,CedulaProfesional,FechaNacimiento) VALUES ('AERF620813TV8','Nona','Enga','Hambribe','López Mateos',94,45,'Valle Verde','Puebla','Miercoles','6:31','14:31',91414003.37,22,'Hospital Universitario de Medicina','7/17/2026',1000120,'10/12/1993');
INSERT INTO Medico(RFC,Nombre,Paterno,Materno,Calle,NumeroExterior,NumeroInterior,Colonia,Estado,Dia,Entrada,Salida,Salario,IdSucursal,InstitucionEgreso,VigenciaCertificacion,CedulaProfesional,FechaNacimiento) VALUES ('IQDL0310084R3','Lynsey','Ewart','Worrell','Allende',78,29,'La Joya','Hidalgo','Jueves','18:46','02:46',98539273.57,59,'Escuela Superior de Ciencias de la Salud','7/24/2027',1000121,'2/22/1997');
INSERT INTO Medico(RFC,Nombre,Paterno,Materno,Calle,NumeroExterior,NumeroInterior,Colonia,Estado,Dia,Entrada,Salida,Salario,IdSucursal,InstitucionEgreso,VigenciaCertificacion,CedulaProfesional,FechaNacimiento) VALUES ('DLUC590612610','Marcellina','Guyton','Redmain','Pino Suárez',13,37,'La Esperanza','Aguascalientes','Domingo','16:53','00:53',26364717.3,135,'Escuela de Medicina y Ciencias de la Salud','4/24/2022',1000122,'10/23/1996');
INSERT INTO Medico(RFC,Nombre,Paterno,Materno,Calle,NumeroExterior,NumeroInterior,Colonia,Estado,Dia,Entrada,Salida,Salario,IdSucursal,InstitucionEgreso,VigenciaCertificacion,CedulaProfesional,FechaNacimiento) VALUES ('YVPR891027619','Arly','Gohn','Fanner','Juárez',51,31,'San Miguel','Guanajuato','Jueves','19:51','03:51',70966924.87,47,'Instituto Nacional de Ciencias de la Salud','4/6/2029',1000123,'9/30/1996');
INSERT INTO Medico(RFC,Nombre,Paterno,Materno,Calle,NumeroExterior,NumeroInterior,Colonia,Estado,Dia,Entrada,Salida,Salario,IdSucursal,InstitucionEgreso,VigenciaCertificacion,CedulaProfesional,FechaNacimiento) VALUES ('BPCS1501090Y9','Amber','Willmot','Petz','Juárez',78,25,'Santa Cruz','Jalisco','Martes','2:50','10:50',88219510.21,149,'Colegio de Médicos y Cirujanos','4/12/2025',1000124,'6/8/1998');
INSERT INTO Medico(RFC,Nombre,Paterno,Materno,Calle,NumeroExterior,NumeroInterior,Colonia,Estado,Dia,Entrada,Salida,Salario,IdSucursal,InstitucionEgreso,VigenciaCertificacion,CedulaProfesional,FechaNacimiento) VALUES ('HFZZ941005XR5','Erastus','Old','Wilmot','Callejón de la Condesa',24,25,'Santa Cruz','Nayarit','Sabado','9:09','17:09',56815932.15,118,'Instituto de Salud Pública','10/2/2025',1000125,'10/2/1995');
INSERT INTO Medico(RFC,Nombre,Paterno,Materno,Calle,NumeroExterior,NumeroInterior,Colonia,Estado,Dia,Entrada,Salida,Salario,IdSucursal,InstitucionEgreso,VigenciaCertificacion,CedulaProfesional,FechaNacimiento) VALUES ('DDFG570110314','Verna','Van''t Hoff','Vernay','Gutiérrez',90,55,'San Miguel','Jalisco','Lunes','22:52','06:52',40657169.93,36,'Instituto de Salud Pública','10/16/2022',1000126,'3/20/1992');
INSERT INTO Medico(RFC,Nombre,Paterno,Materno,Calle,NumeroExterior,NumeroInterior,Colonia,Estado,Dia,Entrada,Salida,Salario,IdSucursal,InstitucionEgreso,VigenciaCertificacion,CedulaProfesional,FechaNacimiento) VALUES ('CJAN721009QZ7','Franny','McLachlan','Godbald','Morelos',94,35,'Las Palmas','Guanajuato','Sabado','0:26','08:26',33236172.02,45,'Hospital Universitario de Medicina','10/17/2022',1000127,'7/27/1990');
INSERT INTO Medico(RFC,Nombre,Paterno,Materno,Calle,NumeroExterior,NumeroInterior,Colonia,Estado,Dia,Entrada,Salida,Salario,IdSucursal,InstitucionEgreso,VigenciaCertificacion,CedulaProfesional,FechaNacimiento) VALUES ('KCQV331203R93','Dorotea','Idel','Dumbleton','Juárez',82,67,'La Esperanza','Puebla','Lunes','21:27','05:27',8661877.97,78,'Centro de Estudios Médicos Avanzados','6/1/2023',1000128,'7/22/1995');
INSERT INTO Medico(RFC,Nombre,Paterno,Materno,Calle,NumeroExterior,NumeroInterior,Colonia,Estado,Dia,Entrada,Salida,Salario,IdSucursal,InstitucionEgreso,VigenciaCertificacion,CedulaProfesional,FechaNacimiento) VALUES ('BGZU760707US9','Janetta','Tatershall','Hardstaff','Callejón del Beso',75,66,'Los Pinos','Durango','Sabado','7:25','15:25',31101518.65,124,'Escuela Superior de Ciencias de la Salud','7/5/2022',1000129,'1/30/1992');
INSERT INTO Medico(RFC,Nombre,Paterno,Materno,Calle,NumeroExterior,NumeroInterior,Colonia,Estado,Dia,Entrada,Salida,Salario,IdSucursal,InstitucionEgreso,VigenciaCertificacion,CedulaProfesional,FechaNacimiento) VALUES ('HRRC891223357','Farra','Tatershall','Tuson','Obregón',54,40,'Villa de las Flores','Aguascalientes','Sabado','1:36','09:36',29660893.67,121,'Centro de Estudios Médicos Avanzados','2/12/2022',1000130,'5/22/1991');
INSERT INTO Medico(RFC,Nombre,Paterno,Materno,Calle,NumeroExterior,NumeroInterior,Colonia,Estado,Dia,Entrada,Salida,Salario,IdSucursal,InstitucionEgreso,VigenciaCertificacion,CedulaProfesional,FechaNacimiento) VALUES ('HYCH5611251N5','Ashlie','Prendiville','Huelin','Guerrero',63,53,'San José','Puebla','Jueves','11:17','19:17',89411436.03,46,'Instituto Nacional de Ciencias de la Salud','3/12/2028',1000131,'12/8/1996');
INSERT INTO Medico(RFC,Nombre,Paterno,Materno,Calle,NumeroExterior,NumeroInterior,Colonia,Estado,Dia,Entrada,Salida,Salario,IdSucursal,InstitucionEgreso,VigenciaCertificacion,CedulaProfesional,FechaNacimiento) VALUES ('JJUF430425G69','Braden','Leonards','Wollard','Madero',27,25,'La Aurora','Campeche','Miercoles','20:28','04:28',31115024.52,107,'Instituto de Salud Pública','6/15/2029',1000132,'11/18/1993');
INSERT INTO Medico(RFC,Nombre,Paterno,Materno,Calle,NumeroExterior,NumeroInterior,Colonia,Estado,Dia,Entrada,Salida,Salario,IdSucursal,InstitucionEgreso,VigenciaCertificacion,CedulaProfesional,FechaNacimiento) VALUES ('WRVE830703A01','Ermin','Bigglestone','Strong','Guerrero',98,85,'Las Palmas','Veracruz','Jueves','6:06','14:06',60600252.93,28,'Colegio de Médicos y Cirujanos','4/24/2028',1000133,'7/12/1993');
INSERT INTO Medico(RFC,Nombre,Paterno,Materno,Calle,NumeroExterior,NumeroInterior,Colonia,Estado,Dia,Entrada,Salida,Salario,IdSucursal,InstitucionEgreso,VigenciaCertificacion,CedulaProfesional,FechaNacimiento) VALUES ('EXOG370311585','Morna','Mulqueeny','Skillen','Benito Juárez',2,86,'Bosques de Chapultepec','Durango','Miercoles','18:16','02:16',70550968.34,4,'Instituto de Salud Pública','7/29/2030',1000134,'4/6/1994');
INSERT INTO Medico(RFC,Nombre,Paterno,Materno,Calle,NumeroExterior,NumeroInterior,Colonia,Estado,Dia,Entrada,Salida,Salario,IdSucursal,InstitucionEgreso,VigenciaCertificacion,CedulaProfesional,FechaNacimiento) VALUES ('OYWE9208054B5','Christean','Kach','Giannini','Gutiérrez',20,93,'La Aurora','Guanajuato','Jueves','11:33','19:33',22673829.37,64,'Instituto Nacional de Ciencias de la Salud','9/29/2026',1000135,'10/24/1991');
INSERT INTO Medico(RFC,Nombre,Paterno,Materno,Calle,NumeroExterior,NumeroInterior,Colonia,Estado,Dia,Entrada,Salida,Salario,IdSucursal,InstitucionEgreso,VigenciaCertificacion,CedulaProfesional,FechaNacimiento) VALUES ('YFQZ540717ZI2','Reilly','Kennon','Staples','Madero',54,71,'El Rosario','Campeche','Lunes','9:44','17:44',57524722.78,87,'Colegio de Médicos y Cirujanos','10/4/2028',1000136,'5/5/1993');
INSERT INTO Medico(RFC,Nombre,Paterno,Materno,Calle,NumeroExterior,NumeroInterior,Colonia,Estado,Dia,Entrada,Salida,Salario,IdSucursal,InstitucionEgreso,VigenciaCertificacion,CedulaProfesional,FechaNacimiento) VALUES ('XCYO6209047H1','Adriano','Crole','Cupitt','Callejón del Beso',85,52,'La Primavera','Tamaulipas','Miercoles','18:06','02:06',17256520.0,63,'Colegio de Médicos y Cirujanos','4/15/2024',1000137,'2/14/1992');
INSERT INTO Medico(RFC,Nombre,Paterno,Materno,Calle,NumeroExterior,NumeroInterior,Colonia,Estado,Dia,Entrada,Salida,Salario,IdSucursal,InstitucionEgreso,VigenciaCertificacion,CedulaProfesional,FechaNacimiento) VALUES ('BUSU490508129','Iseabal','Speak','Puzey','Callejón de la Condesa',77,5,'Las Palmas','Hidalgo','Martes','12:13','20:13',66047637.45,19,'Hospital Universitario de Medicina','10/18/2024',1000138,'8/28/1998');
INSERT INTO Medico(RFC,Nombre,Paterno,Materno,Calle,NumeroExterior,NumeroInterior,Colonia,Estado,Dia,Entrada,Salida,Salario,IdSucursal,InstitucionEgreso,VigenciaCertificacion,CedulaProfesional,FechaNacimiento) VALUES ('TCVK691114806','Linus','Mapston','Moughton','Pino Suárez',26,57,'La Primavera','Aguascalientes','Domingo','14:35','22:35',43779382.5,39,'Facultad de Medicina y Cirugía','7/15/2022',1000139,'2/27/1998');
INSERT INTO Medico(RFC,Nombre,Paterno,Materno,Calle,NumeroExterior,NumeroInterior,Colonia,Estado,Dia,Entrada,Salida,Salario,IdSucursal,InstitucionEgreso,VigenciaCertificacion,CedulaProfesional,FechaNacimiento) VALUES ('NFID790124RM3','Darcie','Bilborough','Morstatt','Callejón de los Sapos',82,48,'La Esperanza','Michoacán','Sabado','9:37','17:37',79010944.47,86,'Escuela Superior de Ciencias de la Salud','11/4/2028',1000140,'2/12/1991');
INSERT INTO Medico(RFC,Nombre,Paterno,Materno,Calle,NumeroExterior,NumeroInterior,Colonia,Estado,Dia,Entrada,Salida,Salario,IdSucursal,InstitucionEgreso,VigenciaCertificacion,CedulaProfesional,FechaNacimiento) VALUES ('SYRG7710038R8','Dagmar','Ball','Blazevic','Allende',39,99,'Valle Verde','Baja California','Miercoles','14:19','22:19',15054030.96,94,'Colegio de Médicos y Cirujanos','7/14/2023',1000141,'5/13/1992');
INSERT INTO Medico(RFC,Nombre,Paterno,Materno,Calle,NumeroExterior,NumeroInterior,Colonia,Estado,Dia,Entrada,Salida,Salario,IdSucursal,InstitucionEgreso,VigenciaCertificacion,CedulaProfesional,FechaNacimiento) VALUES ('QDDT9612247Z1','Laverna','Phittiplace','Bamb','González',10,26,'Bosques de Chapultepec','Oaxaca','Lunes','8:55','16:55',89800207.52,13,'Instituto Nacional de Ciencias de la Salud','4/4/2030',1000142,'10/10/1990');
INSERT INTO Medico(RFC,Nombre,Paterno,Materno,Calle,NumeroExterior,NumeroInterior,Colonia,Estado,Dia,Entrada,Salida,Salario,IdSucursal,InstitucionEgreso,VigenciaCertificacion,CedulaProfesional,FechaNacimiento) VALUES ('TQPQ5203160F9','Janaye','Panichelli','Daenen','Callejón de la Amargura',16,31,'Bosques de Chapultepec','Campeche','Lunes','4:00','12:00',792806.65,147,'Instituto Nacional de Ciencias de la Salud','2/20/2024',1000143,'6/15/1992');
INSERT INTO Medico(RFC,Nombre,Paterno,Materno,Calle,NumeroExterior,NumeroInterior,Colonia,Estado,Dia,Entrada,Salida,Salario,IdSucursal,InstitucionEgreso,VigenciaCertificacion,CedulaProfesional,FechaNacimiento) VALUES ('DGNB500513UT8','Kelby','Lassetter','Vanyukov','González',47,62,'El Paraíso','Durango','Jueves','17:05','01:05',25460267.78,22,'Instituto Nacional de Ciencias de la Salud','4/6/2029',1000144,'11/8/1999');
INSERT INTO Medico(RFC,Nombre,Paterno,Materno,Calle,NumeroExterior,NumeroInterior,Colonia,Estado,Dia,Entrada,Salida,Salario,IdSucursal,InstitucionEgreso,VigenciaCertificacion,CedulaProfesional,FechaNacimiento) VALUES ('HKVA500305P69','Wittie','Dyte','Jakubovitch','Juárez',76,93,'La Esperanza','Aguascalientes','Domingo','4:51','12:51',35365719.31,92,'Colegio de Médicos y Cirujanos','7/8/2027',1000145,'1/28/2000');
INSERT INTO Medico(RFC,Nombre,Paterno,Materno,Calle,NumeroExterior,NumeroInterior,Colonia,Estado,Dia,Entrada,Salida,Salario,IdSucursal,InstitucionEgreso,VigenciaCertificacion,CedulaProfesional,FechaNacimiento) VALUES ('OPOR421207109','Halsy','Croote','Renner','Independencia',98,15,'Bosques de Chapultepec','Sinaloa','Miercoles','8:22','16:22',23840612.41,112,'Centro de Estudios Médicos Avanzados','6/5/2027',1000146,'5/21/2000');
INSERT INTO Medico(RFC,Nombre,Paterno,Materno,Calle,NumeroExterior,NumeroInterior,Colonia,Estado,Dia,Entrada,Salida,Salario,IdSucursal,InstitucionEgreso,VigenciaCertificacion,CedulaProfesional,FechaNacimiento) VALUES ('TPQN541104204','Wylma','Chapleo','Nerne','Callejón de la Condesa',6,33,'San Pedro','Hidalgo','Jueves','17:48','01:48',51691531.75,89,'Instituto Nacional de Ciencias de la Salud','12/25/2029',1000147,'5/14/1997');
INSERT INTO Medico(RFC,Nombre,Paterno,Materno,Calle,NumeroExterior,NumeroInterior,Colonia,Estado,Dia,Entrada,Salida,Salario,IdSucursal,InstitucionEgreso,VigenciaCertificacion,CedulaProfesional,FechaNacimiento) VALUES ('GZVK4401023P5','Paton','Nicklinson','Bennallck','Callejón de los Sapos',66,88,'San Miguel','Michoacán','Miercoles','23:19','07:19',71132985.27,9,'Escuela Superior de Ciencias de la Salud','1/10/2023',1000148,'1/28/1991');
INSERT INTO Medico(RFC,Nombre,Paterno,Materno,Calle,NumeroExterior,NumeroInterior,Colonia,Estado,Dia,Entrada,Salida,Salario,IdSucursal,InstitucionEgreso,VigenciaCertificacion,CedulaProfesional,FechaNacimiento) VALUES ('KQQB311106372','Artie','Sergean','Haward','Obregón',88,49,'Bosques de Chapultepec','Jalisco','Martes','14:51','22:51',84495554.07,74,'Hospital Universitario de Medicina','8/29/2023',1000149,'2/22/1995');
INSERT INTO Medico(RFC,Nombre,Paterno,Materno,Calle,NumeroExterior,NumeroInterior,Colonia,Estado,Dia,Entrada,Salida,Salario,IdSucursal,InstitucionEgreso,VigenciaCertificacion,CedulaProfesional,FechaNacimiento) VALUES ('KXHZ621102594','Brooks','Perutto','Murrum','Callejón del Beso',19,35,'La Aurora','Guanajuato','Jueves','22:24','06:24',32066979.34,53,'Escuela Superior de Ciencias de la Salud','2/10/2028',1000150,'8/31/1991');
INSERT INTO Medico(RFC,Nombre,Paterno,Materno,Calle,NumeroExterior,NumeroInterior,Colonia,Estado,Dia,Entrada,Salida,Salario,IdSucursal,InstitucionEgreso,VigenciaCertificacion,CedulaProfesional,FechaNacimiento) VALUES ('BQRA8908115K3','Carce','Cadlock','Sine','López Mateos',11,13,'Las Palmas','Guanajuato','Domingo','3:42','11:42',20390335.21,1,'Universidad Nacional de Medicina','10/4/2027',1000151,'8/17/1998');
INSERT INTO Medico(RFC,Nombre,Paterno,Materno,Calle,NumeroExterior,NumeroInterior,Colonia,Estado,Dia,Entrada,Salida,Salario,IdSucursal,InstitucionEgreso,VigenciaCertificacion,CedulaProfesional,FechaNacimiento) VALUES ('RMFP6105274V7','Nessa','Chalfont','Yakutin','Madero',51,35,'Santa Cruz','Sinaloa','Domingo','2:30','10:30',42564404.45,1,'Escuela de Medicina y Ciencias de la Salud','9/13/2024',1000152,'2/19/1993');
INSERT INTO Medico(RFC,Nombre,Paterno,Materno,Calle,NumeroExterior,NumeroInterior,Colonia,Estado,Dia,Entrada,Salida,Salario,IdSucursal,InstitucionEgreso,VigenciaCertificacion,CedulaProfesional,FechaNacimiento) VALUES ('SJWO3001062N7','Eldredge','Didball','Raynard','Carranza',14,66,'San Pedro','Tamaulipas','Miercoles','14:54','22:54',8384101.62,1,'Instituto de Investigación Médica','5/6/2025',1000153,'9/16/1998');
INSERT INTO Medico(RFC,Nombre,Paterno,Materno,Calle,NumeroExterior,NumeroInterior,Colonia,Estado,Dia,Entrada,Salida,Salario,IdSucursal,InstitucionEgreso,VigenciaCertificacion,CedulaProfesional,FechaNacimiento) VALUES ('ZQMC590707E23','Shaylah','Dodswell','Goodale','Independencia',12,99,'La Esperanza','Querétaro','Jueves','0:04','08:04',15838633.39,1,'Escuela de Medicina y Ciencias de la Salud','1/3/2023',1000154,'1/10/1990');
INSERT INTO Medico(RFC,Nombre,Paterno,Materno,Calle,NumeroExterior,NumeroInterior,Colonia,Estado,Dia,Entrada,Salida,Salario,IdSucursal,InstitucionEgreso,VigenciaCertificacion,CedulaProfesional,FechaNacimiento) VALUES ('USJL281108718','Avery','Robet','Kording','Guerrero',51,90,'La Aurora','Sinaloa','Miercoles','22:08','06:08',45644018.28,1,'Hospital Universitario de Medicina','2/9/2028',1000155,'5/17/1995');
INSERT INTO Medico(RFC,Nombre,Paterno,Materno,Calle,NumeroExterior,NumeroInterior,Colonia,Estado,Dia,Entrada,Salida,Salario,IdSucursal,InstitucionEgreso,VigenciaCertificacion,CedulaProfesional,FechaNacimiento) VALUES ('TKMF870317FI4','Hildegarde','Clendinning','Fakes','Zaragoza',50,55,'Los Pinos','Michoacán','Domingo','4:26','12:26',30097158.22,2,'Centro de Estudios Médicos Avanzados','3/25/2025',1000156,'2/12/1995');
INSERT INTO Medico(RFC,Nombre,Paterno,Materno,Calle,NumeroExterior,NumeroInterior,Colonia,Estado,Dia,Entrada,Salida,Salario,IdSucursal,InstitucionEgreso,VigenciaCertificacion,CedulaProfesional,FechaNacimiento) VALUES ('GNBX4509231J2','Boote','Hunston','Moody','Carranza',34,90,'Las Palmas','Baja California','Sabado','8:07','16:07',38967080.44,2,'Centro de Estudios Médicos Avanzados','12/9/2030',1000157,'8/15/1997');
INSERT INTO Medico(RFC,Nombre,Paterno,Materno,Calle,NumeroExterior,NumeroInterior,Colonia,Estado,Dia,Entrada,Salida,Salario,IdSucursal,InstitucionEgreso,VigenciaCertificacion,CedulaProfesional,FechaNacimiento) VALUES ('AQVW140505KD7','Bari','Markl','Asaaf','Carranza',3,68,'La Joya','Michoacán','Domingo','19:45','03:45',24312924.59,2,'Escuela de Medicina y Ciencias de la Salud','11/23/2021',1000158,'3/22/1990');
INSERT INTO Medico(RFC,Nombre,Paterno,Materno,Calle,NumeroExterior,NumeroInterior,Colonia,Estado,Dia,Entrada,Salida,Salario,IdSucursal,InstitucionEgreso,VigenciaCertificacion,CedulaProfesional,FechaNacimiento) VALUES ('IWNI761226ZK2','Elmer','Marty','Pentony','Carranza',30,74,'La Primavera','Jalisco','Domingo','22:44','06:44',77084213.67,2,'Instituto de Salud Pública','11/1/2023',1000159,'10/24/1995');
INSERT INTO Medico(RFC,Nombre,Paterno,Materno,Calle,NumeroExterior,NumeroInterior,Colonia,Estado,Dia,Entrada,Salida,Salario,IdSucursal,InstitucionEgreso,VigenciaCertificacion,CedulaProfesional,FechaNacimiento) VALUES ('DTXV151115GK3','Johnna','Pexton','Wrotchford','Pino Suárez',29,17,'Villa de las Flores','Jalisco','Lunes','16:14','00:14',6167380.24,2,'Colegio de Médicos y Cirujanos','5/7/2028',1000160,'3/29/1999');
INSERT INTO Medico(RFC,Nombre,Paterno,Materno,Calle,NumeroExterior,NumeroInterior,Colonia,Estado,Dia,Entrada,Salida,Salario,IdSucursal,InstitucionEgreso,VigenciaCertificacion,CedulaProfesional,FechaNacimiento) VALUES ('RYJO360606Z40','Brandise','Prise','Boughey','Allende',78,6,'El Rosario','Aguascalientes','Jueves','5:41','13:41',38623327.64,3,'Facultad de Medicina y Cirugía','12/14/2024',1000161,'1/31/1991');
INSERT INTO Medico(RFC,Nombre,Paterno,Materno,Calle,NumeroExterior,NumeroInterior,Colonia,Estado,Dia,Entrada,Salida,Salario,IdSucursal,InstitucionEgreso,VigenciaCertificacion,CedulaProfesional,FechaNacimiento) VALUES ('OUTS0501043L3','Fionna','Worts','Battaille','Obregón',58,18,'San Pedro','Puebla','Lunes','0:42','08:42',83563257.99,3,'Universidad Nacional de Medicina','8/19/2027',1000162,'7/19/1993');
INSERT INTO Medico(RFC,Nombre,Paterno,Materno,Calle,NumeroExterior,NumeroInterior,Colonia,Estado,Dia,Entrada,Salida,Salario,IdSucursal,InstitucionEgreso,VigenciaCertificacion,CedulaProfesional,FechaNacimiento) VALUES ('SYDV731022341','Twila','Churchlow','Ollis','Zaragoza',67,53,'El Rosario','Puebla','Sabado','0:03','08:03',39343522.99,3,'Colegio de Médicos y Cirujanos','5/3/2027',1000163,'1/22/1991');
INSERT INTO Medico(RFC,Nombre,Paterno,Materno,Calle,NumeroExterior,NumeroInterior,Colonia,Estado,Dia,Entrada,Salida,Salario,IdSucursal,InstitucionEgreso,VigenciaCertificacion,CedulaProfesional,FechaNacimiento) VALUES ('ADVQ5308096R1','Robin','Langmead','Aikman','Pino Suárez',91,26,'Valle Verde','Campeche','Domingo','5:46','13:46',57107893.48,3,'Escuela de Medicina y Ciencias de la Salud','6/9/2021',1000164,'1/24/1992');
INSERT INTO Medico(RFC,Nombre,Paterno,Materno,Calle,NumeroExterior,NumeroInterior,Colonia,Estado,Dia,Entrada,Salida,Salario,IdSucursal,InstitucionEgreso,VigenciaCertificacion,CedulaProfesional,FechaNacimiento) VALUES ('UMXO640816QZ0','Ediva','Itzcovich','Cawdery','Hidalgo',34,61,'Santa Cruz','Hidalgo','Domingo','21:02','05:02',65866299.79,3,'Escuela Superior de Ciencias de la Salud','11/29/2023',1000165,'6/13/2000');
INSERT INTO Medico(RFC,Nombre,Paterno,Materno,Calle,NumeroExterior,NumeroInterior,Colonia,Estado,Dia,Entrada,Salida,Salario,IdSucursal,InstitucionEgreso,VigenciaCertificacion,CedulaProfesional,FechaNacimiento) VALUES ('RFLE900204F84','Katha','Hackworthy','Scorah','Benito Juárez',88,32,'La Joya','Jalisco','Sabado','11:37','19:37',20349030.7,4,'Instituto de Salud Pública','9/30/2029',1000166,'9/19/1991');
INSERT INTO Medico(RFC,Nombre,Paterno,Materno,Calle,NumeroExterior,NumeroInterior,Colonia,Estado,Dia,Entrada,Salida,Salario,IdSucursal,InstitucionEgreso,VigenciaCertificacion,CedulaProfesional,FechaNacimiento) VALUES ('WZGQ821027JV9','My','Kennermann','Esp','Callejón de los Sapos',74,87,'La Joya','Jalisco','Jueves','7:08','15:08',49615368.9,4,'Instituto Nacional de Ciencias de la Salud','6/28/2026',1000167,'12/15/1999');
INSERT INTO Medico(RFC,Nombre,Paterno,Materno,Calle,NumeroExterior,NumeroInterior,Colonia,Estado,Dia,Entrada,Salida,Salario,IdSucursal,InstitucionEgreso,VigenciaCertificacion,CedulaProfesional,FechaNacimiento) VALUES ('CXXJ8609125P5','Valry','Hampshaw','Sutterby','Madero',79,96,'La Esperanza','Oaxaca','Miercoles','19:03','03:03',51035624.85,4,'Centro de Estudios Médicos Avanzados','4/25/2025',1000168,'10/27/1997');
INSERT INTO Medico(RFC,Nombre,Paterno,Materno,Calle,NumeroExterior,NumeroInterior,Colonia,Estado,Dia,Entrada,Salida,Salario,IdSucursal,InstitucionEgreso,VigenciaCertificacion,CedulaProfesional,FechaNacimiento) VALUES ('CMLP061002194','Karly','Tubbles','Licciardiello','Guerrero',35,8,'La Primavera','Nayarit','Lunes','12:47','20:47',42365510.99,4,'Colegio de Médicos y Cirujanos','4/9/2027',1000169,'2/25/1991');
INSERT INTO Medico(RFC,Nombre,Paterno,Materno,Calle,NumeroExterior,NumeroInterior,Colonia,Estado,Dia,Entrada,Salida,Salario,IdSucursal,InstitucionEgreso,VigenciaCertificacion,CedulaProfesional,FechaNacimiento) VALUES ('ZVBU480406713','Marena','Syrad','Croneen','Hidalgo',31,74,'Santa Cruz','Nayarit','Lunes','17:56','01:56',193512.05,4,'Universidad Nacional de Medicina','1/25/2028',1000170,'5/11/1998');



-- 170 registros de la tabla Telefonos_Medico
INSERT INTO Telefonos_Medico(RFC,Telefono) VALUES ('YMNG260520801','+1261058090801');
INSERT INTO Telefonos_Medico(RFC,Telefono) VALUES ('JLZT550609VP2','+213206245349');
INSERT INTO Telefonos_Medico(RFC,Telefono) VALUES ('LDZN200920U16','+36971589148');
INSERT INTO Telefonos_Medico(RFC,Telefono) VALUES ('STJX050405Z47','+1230223581198');
INSERT INTO Telefonos_Medico(RFC,Telefono) VALUES ('LUER1512133H5','+81373512358');
INSERT INTO Telefonos_Medico(RFC,Telefono) VALUES ('MHFQ721123PG6','+842153761518');
INSERT INTO Telefonos_Medico(RFC,Telefono) VALUES ('OSLA461101M19','+145925267992');
INSERT INTO Telefonos_Medico(RFC,Telefono) VALUES ('QHOB2312233D9','+2073401224670');
INSERT INTO Telefonos_Medico(RFC,Telefono) VALUES ('ULLZ611205118','+3000897757519');
INSERT INTO Telefonos_Medico(RFC,Telefono) VALUES ('ONZB221013PI7','+21032680510');
INSERT INTO Telefonos_Medico(RFC,Telefono) VALUES ('KDOP9010218C3','+2329928680418');
INSERT INTO Telefonos_Medico(RFC,Telefono) VALUES ('YDRH630812765','+53157421446');
INSERT INTO Telefonos_Medico(RFC,Telefono) VALUES ('QHOB2312233D9','+4081605741072');
INSERT INTO Telefonos_Medico(RFC,Telefono) VALUES ('CMTC7511217I1','+863075980812');
INSERT INTO Telefonos_Medico(RFC,Telefono) VALUES ('NFID790124RM3','+66646424360');
INSERT INTO Telefonos_Medico(RFC,Telefono) VALUES ('BTAQ271014747','+80168771778');
INSERT INTO Telefonos_Medico(RFC,Telefono) VALUES ('OHKF761210K29','+606313066141');
INSERT INTO Telefonos_Medico(RFC,Telefono) VALUES ('DLUC590612610','+28882803715');
INSERT INTO Telefonos_Medico(RFC,Telefono) VALUES ('LDZN200920U16','+5040465557492');
INSERT INTO Telefonos_Medico(RFC,Telefono) VALUES ('HKVA500305P69','+972679136841');
INSERT INTO Telefonos_Medico(RFC,Telefono) VALUES ('RLAX541022QO6','+89845519343');
INSERT INTO Telefonos_Medico(RFC,Telefono) VALUES ('KICE371204R42','+5591616158363');
INSERT INTO Telefonos_Medico(RFC,Telefono) VALUES ('AYIT890221K06','+6042945049149');
INSERT INTO Telefonos_Medico(RFC,Telefono) VALUES ('DLUC590612610','+526551023277');
INSERT INTO Telefonos_Medico(RFC,Telefono) VALUES ('TPDY631024AQ5','+19868925146');
INSERT INTO Telefonos_Medico(RFC,Telefono) VALUES ('DGNB500513UT8','+5158203877201');
INSERT INTO Telefonos_Medico(RFC,Telefono) VALUES ('HTIK401209O06','+4643590222822');
INSERT INTO Telefonos_Medico(RFC,Telefono) VALUES ('AIWR811223VX6','+19059458952');
INSERT INTO Telefonos_Medico(RFC,Telefono) VALUES ('NRXT3908284I2','+831343635842');
INSERT INTO Telefonos_Medico(RFC,Telefono) VALUES ('FMMK631110479','+50617159839');
INSERT INTO Telefonos_Medico(RFC,Telefono) VALUES ('JUQE5907048F5','+577909248230');
INSERT INTO Telefonos_Medico(RFC,Telefono) VALUES ('JAJC931006KT1','+8097165725577');
INSERT INTO Telefonos_Medico(RFC,Telefono) VALUES ('KQKG1103029P8','+7950338078118');
INSERT INTO Telefonos_Medico(RFC,Telefono) VALUES ('GZVK4401023P5','+0337540494249');
INSERT INTO Telefonos_Medico(RFC,Telefono) VALUES ('YMNG260520801','+68492390498');
INSERT INTO Telefonos_Medico(RFC,Telefono) VALUES ('JQVI631215LL9','+1669453803659');
INSERT INTO Telefonos_Medico(RFC,Telefono) VALUES ('OHKF761210K29','+42283775695');
INSERT INTO Telefonos_Medico(RFC,Telefono) VALUES ('INGR701125F39','+394834339854');
INSERT INTO Telefonos_Medico(RFC,Telefono) VALUES ('MODP281222243','+9244916445914');
INSERT INTO Telefonos_Medico(RFC,Telefono) VALUES ('AYIT890221K06','+45045609482');
INSERT INTO Telefonos_Medico(RFC,Telefono) VALUES ('FFCQ2001018B3','+22853093694');
INSERT INTO Telefonos_Medico(RFC,Telefono) VALUES ('JJUF430425G69','+9353077100005');
INSERT INTO Telefonos_Medico(RFC,Telefono) VALUES ('QDDT9612247Z1','+0641155154000');
INSERT INTO Telefonos_Medico(RFC,Telefono) VALUES ('CEYR3710062Y2','+74414412506');
INSERT INTO Telefonos_Medico(RFC,Telefono) VALUES ('IAZX361214YU8','+477166971220');
INSERT INTO Telefonos_Medico(RFC,Telefono) VALUES ('EXOG370311585','+1263224897191');
INSERT INTO Telefonos_Medico(RFC,Telefono) VALUES ('XIIJ2912236F9','+001350397835');
INSERT INTO Telefonos_Medico(RFC,Telefono) VALUES ('YTNO370406500','+446977339333');
INSERT INTO Telefonos_Medico(RFC,Telefono) VALUES ('NRXT3908284I2','+7696072648278');
INSERT INTO Telefonos_Medico(RFC,Telefono) VALUES ('RXCZ580307HB7','+2428971936023');
INSERT INTO Telefonos_Medico(RFC,Telefono) VALUES ('RUAH861204L91','+650529216595');
INSERT INTO Telefonos_Medico(RFC,Telefono) VALUES ('GRNO970905G04','+8693463929142');
INSERT INTO Telefonos_Medico(RFC,Telefono) VALUES ('AERF620813TV8','+07097583997');
INSERT INTO Telefonos_Medico(RFC,Telefono) VALUES ('AAIG510101T04','+151992280830');
INSERT INTO Telefonos_Medico(RFC,Telefono) VALUES ('PIUV720507608','+570225271822');
INSERT INTO Telefonos_Medico(RFC,Telefono) VALUES ('DGNB500513UT8','+043701815831');
INSERT INTO Telefonos_Medico(RFC,Telefono) VALUES ('YTWB600902MA0','+651172736463');
INSERT INTO Telefonos_Medico(RFC,Telefono) VALUES ('HTIK401209O06','+56571687291');
INSERT INTO Telefonos_Medico(RFC,Telefono) VALUES ('STJX050405Z47','+153426909516');
INSERT INTO Telefonos_Medico(RFC,Telefono) VALUES ('MODP281222243','+36857435678');
INSERT INTO Telefonos_Medico(RFC,Telefono) VALUES ('YFQZ540717ZI2','+195461293484');
INSERT INTO Telefonos_Medico(RFC,Telefono) VALUES ('OMPU860415A55','+000838506386');
INSERT INTO Telefonos_Medico(RFC,Telefono) VALUES ('OPOR421207109','+61903007747');
INSERT INTO Telefonos_Medico(RFC,Telefono) VALUES ('HTIK401209O06','+588147606241');
INSERT INTO Telefonos_Medico(RFC,Telefono) VALUES ('IRRE991108F13','+604570747270');
INSERT INTO Telefonos_Medico(RFC,Telefono) VALUES ('JAJC931006KT1','+627285133141');
INSERT INTO Telefonos_Medico(RFC,Telefono) VALUES ('HVWN7411012Z4','+441835526407');
INSERT INTO Telefonos_Medico(RFC,Telefono) VALUES ('AIWR811223VX6','+61584544978');
INSERT INTO Telefonos_Medico(RFC,Telefono) VALUES ('UNYX091124653','+53257886720');
INSERT INTO Telefonos_Medico(RFC,Telefono) VALUES ('HFNU581118XS0','+204999147122');
INSERT INTO Telefonos_Medico(RFC,Telefono) VALUES ('YTNO370406500','+7300618206217');
INSERT INTO Telefonos_Medico(RFC,Telefono) VALUES ('YTWB600902MA0','+876965941557');
INSERT INTO Telefonos_Medico(RFC,Telefono) VALUES ('AJID6905134S9','+208466239107');
INSERT INTO Telefonos_Medico(RFC,Telefono) VALUES ('CKFT850101LS1','+6530891325747');
INSERT INTO Telefonos_Medico(RFC,Telefono) VALUES ('TFLH4412267A4','+03468395331');
INSERT INTO Telefonos_Medico(RFC,Telefono) VALUES ('KQKG1103029P8','+12166587889');
INSERT INTO Telefonos_Medico(RFC,Telefono) VALUES ('IQDL0310084R3','+82334007959');
INSERT INTO Telefonos_Medico(RFC,Telefono) VALUES ('HFNU581118XS0','+816238161321');
INSERT INTO Telefonos_Medico(RFC,Telefono) VALUES ('KICE371204R42','+27047015729');
INSERT INTO Telefonos_Medico(RFC,Telefono) VALUES ('XBWX9311137N1','+13607110630');
INSERT INTO Telefonos_Medico(RFC,Telefono) VALUES ('FCJW491206F26','+92082674514');
INSERT INTO Telefonos_Medico(RFC,Telefono) VALUES ('SYRG7710038R8','+8501577905890');
INSERT INTO Telefonos_Medico(RFC,Telefono) VALUES ('BPGA8104175A7','+208076508849');
INSERT INTO Telefonos_Medico(RFC,Telefono) VALUES ('LCUR9503285G6','+930389065786');
INSERT INTO Telefonos_Medico(RFC,Telefono) VALUES ('GRNO970905G04','+833058327896');
INSERT INTO Telefonos_Medico(RFC,Telefono) VALUES ('HRRC891223357','+0994977683634');
INSERT INTO Telefonos_Medico(RFC,Telefono) VALUES ('YMNG260520801','+002522085309');
INSERT INTO Telefonos_Medico(RFC,Telefono) VALUES ('YNPI8312208P5','+843753860028');
INSERT INTO Telefonos_Medico(RFC,Telefono) VALUES ('RLAX541022QO6','+1408113226169');
INSERT INTO Telefonos_Medico(RFC,Telefono) VALUES ('OVIK7602025B8','+3144194995158');
INSERT INTO Telefonos_Medico(RFC,Telefono) VALUES ('AERF620813TV8','+9240279614367');
INSERT INTO Telefonos_Medico(RFC,Telefono) VALUES ('CJAN721009QZ7','+682984041914');
INSERT INTO Telefonos_Medico(RFC,Telefono) VALUES ('FQQD870304166','+24227253077');
INSERT INTO Telefonos_Medico(RFC,Telefono) VALUES ('UNYA230717NU2','+3992665867906');
INSERT INTO Telefonos_Medico(RFC,Telefono) VALUES ('ALJU240808475','+8149619674693');
INSERT INTO Telefonos_Medico(RFC,Telefono) VALUES ('MHFQ721123PG6','+2173867560190');
INSERT INTO Telefonos_Medico(RFC,Telefono) VALUES ('QYVW9506061O4','+509010407782');
INSERT INTO Telefonos_Medico(RFC,Telefono) VALUES ('KQKG1103029P8','+39201669535');
INSERT INTO Telefonos_Medico(RFC,Telefono) VALUES ('YVPR891027619','+198521575948');
INSERT INTO Telefonos_Medico(RFC,Telefono) VALUES ('TQPQ5203160F9','+8274730982195');
INSERT INTO Telefonos_Medico(RFC,Telefono) VALUES ('CPST580615SU0','+8484792508083');
INSERT INTO Telefonos_Medico(RFC,Telefono) VALUES ('JJRF600309L43','+49912841466');
INSERT INTO Telefonos_Medico(RFC,Telefono) VALUES ('CKFT850101LS1','+59329726397');
INSERT INTO Telefonos_Medico(RFC,Telefono) VALUES ('INGR701125F39','+835012067960');
INSERT INTO Telefonos_Medico(RFC,Telefono) VALUES ('JJRF600309L43','+0124148936115');
INSERT INTO Telefonos_Medico(RFC,Telefono) VALUES ('JAJC931006KT1','+64443130083');
INSERT INTO Telefonos_Medico(RFC,Telefono) VALUES ('IAZX361214YU8','+3050708990755');
INSERT INTO Telefonos_Medico(RFC,Telefono) VALUES ('AAIG510101T04','+9121325737427');
INSERT INTO Telefonos_Medico(RFC,Telefono) VALUES ('XVLZ030516T36','+53424842804');
INSERT INTO Telefonos_Medico(RFC,Telefono) VALUES ('YFQZ540717ZI2','+4631395953319');
INSERT INTO Telefonos_Medico(RFC,Telefono) VALUES ('NFID790124RM3','+916906897260');
INSERT INTO Telefonos_Medico(RFC,Telefono) VALUES ('BUSU490508129','+3397774853677');
INSERT INTO Telefonos_Medico(RFC,Telefono) VALUES ('QUMG921228TB3','+6381784818741');
INSERT INTO Telefonos_Medico(RFC,Telefono) VALUES ('RFTF9810167D3','+8390211146312');
INSERT INTO Telefonos_Medico(RFC,Telefono) VALUES ('AHTB9806061U6','+5183473402780');
INSERT INTO Telefonos_Medico(RFC,Telefono) VALUES ('STJX050405Z47','+822566274419');
INSERT INTO Telefonos_Medico(RFC,Telefono) VALUES ('FFCQ2001018B3','+4103726055695');
INSERT INTO Telefonos_Medico(RFC,Telefono) VALUES ('INGR701125F39','+37364811870');
INSERT INTO Telefonos_Medico(RFC,Telefono) VALUES ('XIIJ2912236F9','+4186330409893');
INSERT INTO Telefonos_Medico(RFC,Telefono) VALUES ('YXZW2212283B6','+4094952606789');
INSERT INTO Telefonos_Medico(RFC,Telefono) VALUES ('NRXT3908284I2','+07041877149');
INSERT INTO Telefonos_Medico(RFC,Telefono) VALUES ('IAZX361214YU8','+43902648576');
INSERT INTO Telefonos_Medico(RFC,Telefono) VALUES ('FFCQ2001018B3','+00290706701');
INSERT INTO Telefonos_Medico(RFC,Telefono) VALUES ('BPCS1501090Y9','+5598742045317');
INSERT INTO Telefonos_Medico(RFC,Telefono) VALUES ('YMNG260520801','+516127343048');
INSERT INTO Telefonos_Medico(RFC,Telefono) VALUES ('KXHZ621102594','+042956135858');
INSERT INTO Telefonos_Medico(RFC,Telefono) VALUES ('EGAX5504052O6','+578047658919');
INSERT INTO Telefonos_Medico(RFC,Telefono) VALUES ('KQQB311106372','+7755597581875');
INSERT INTO Telefonos_Medico(RFC,Telefono) VALUES ('JUQE5907048F5','+28621155210');
INSERT INTO Telefonos_Medico(RFC,Telefono) VALUES ('QYVW9506061O4','+4353971770166');
INSERT INTO Telefonos_Medico(RFC,Telefono) VALUES ('NHCV3501084C3','+15559501286');
INSERT INTO Telefonos_Medico(RFC,Telefono) VALUES ('XOWZ960521Z40','+53483989352');
INSERT INTO Telefonos_Medico(RFC,Telefono) VALUES ('HKVA500305P69','+01722771742');
INSERT INTO Telefonos_Medico(RFC,Telefono) VALUES ('CPST580615SU0','+4857846415800');
INSERT INTO Telefonos_Medico(RFC,Telefono) VALUES ('FFCQ2001018B3','+62355014975');
INSERT INTO Telefonos_Medico(RFC,Telefono) VALUES ('HLGC250815BX6','+50300121881');
INSERT INTO Telefonos_Medico(RFC,Telefono) VALUES ('OYWE9208054B5','+5026752303261');
INSERT INTO Telefonos_Medico(RFC,Telefono) VALUES ('AYIT890221K06','+151589583643');
INSERT INTO Telefonos_Medico(RFC,Telefono) VALUES ('FKHW7211093E0','+099751395008');
INSERT INTO Telefonos_Medico(RFC,Telefono) VALUES ('INGR701125F39','+427635722248');
INSERT INTO Telefonos_Medico(RFC,Telefono) VALUES ('VGPG601107M95','+59397882243');
INSERT INTO Telefonos_Medico(RFC,Telefono) VALUES ('STJX050405Z47','+40529305790');
INSERT INTO Telefonos_Medico(RFC,Telefono) VALUES ('IRRE991108F13','+9313533834545');
INSERT INTO Telefonos_Medico(RFC,Telefono) VALUES ('GZVK4401023P5','+495673386901');
INSERT INTO Telefonos_Medico(RFC,Telefono) VALUES ('LCUR9503285G6','+694408311246');
INSERT INTO Telefonos_Medico(RFC,Telefono) VALUES ('JJUF430425G69','+8909737555749');
INSERT INTO Telefonos_Medico(RFC,Telefono) VALUES ('HRRC891223357','+570443937590');
INSERT INTO Telefonos_Medico(RFC,Telefono) VALUES ('JAZQ651024ZC0','+712889134127');
INSERT INTO Telefonos_Medico(RFC,Telefono) VALUES ('UNYA230717NU2','+102950138155');
INSERT INTO Telefonos_Medico(RFC,Telefono) VALUES ('UNCZ961025QE0','+02258487723');
INSERT INTO Telefonos_Medico(RFC,Telefono) VALUES ('BQRA8908115K3','+02228485421');
INSERT INTO Telefonos_Medico(RFC,Telefono) VALUES ('RMFP6105274V7','+05228185220');
INSERT INTO Telefonos_Medico(RFC,Telefono) VALUES ('SJWO3001062N7','+05128384219');
INSERT INTO Telefonos_Medico(RFC,Telefono) VALUES ('ZQMC590707E23','+05027384314');
INSERT INTO Telefonos_Medico(RFC,Telefono) VALUES ('USJL281108718','+05557314325');
INSERT INTO Telefonos_Medico(RFC,Telefono) VALUES ('TKMF870317FI4','+35456314325');
INSERT INTO Telefonos_Medico(RFC,Telefono) VALUES ('GNBX4509231J2','+03456794325');
INSERT INTO Telefonos_Medico(RFC,Telefono) VALUES ('AQVW140505KD7','+25547314729');
INSERT INTO Telefonos_Medico(RFC,Telefono) VALUES ('IWNI761226ZK2','+65547814325');
INSERT INTO Telefonos_Medico(RFC,Telefono) VALUES ('DTXV151115GK3','+05677314321');
INSERT INTO Telefonos_Medico(RFC,Telefono) VALUES ('RYJO360606Z40','+124956135858');
INSERT INTO Telefonos_Medico(RFC,Telefono) VALUES ('OUTS0501043L3','+442556175858');
INSERT INTO Telefonos_Medico(RFC,Telefono) VALUES ('SYDV731022341','+072756735878');
INSERT INTO Telefonos_Medico(RFC,Telefono) VALUES ('ADVQ5308096R1','+942856735808');
INSERT INTO Telefonos_Medico(RFC,Telefono) VALUES ('UMXO640816QZ0','+072976175890');
INSERT INTO Telefonos_Medico(RFC,Telefono) VALUES ('RFLE900204F84','+642656635658');
INSERT INTO Telefonos_Medico(RFC,Telefono) VALUES ('WZGQ821027JV9','+442456434848');
INSERT INTO Telefonos_Medico(RFC,Telefono) VALUES ('CXXJ8609125P5','+741756835858');
INSERT INTO Telefonos_Medico(RFC,Telefono) VALUES ('CMLP061002194','+942996195958');
INSERT INTO Telefonos_Medico(RFC,Telefono) VALUES ('ZVBU480406713','+742986135353');

-- Tablas necesarias para ejecutar el script Query.sql
-- 10 registros de la tabla Cliente
INSERT INTO Cliente(Nombre,Paterno,Materno,FechaNacimiento,Calle,NumeroExterior,NumeroInterior,Colonia,Estado,MetodoPago) VALUES ('Rebeca','McSpirron','Reaney','2023-08-16','Hidalgo',38,99,'La Paz','Chiapas','Tarjeta');
INSERT INTO Cliente(Nombre,Paterno,Materno,FechaNacimiento,Calle,NumeroExterior,NumeroInterior,Colonia,Estado,MetodoPago) VALUES ('Rosa','Deekes','Dochon','2022-01-28','Callejón de los Sapos',8,58,'La Esperanza','Yucatán','Efectivo');
INSERT INTO Cliente(Nombre,Paterno,Materno,FechaNacimiento,Calle,NumeroExterior,NumeroInterior,Colonia,Estado,MetodoPago) VALUES ('Renata','Treagus','Backhouse','1988-12-13','Zaragoza',100,88,'Miramar','Chiapas','Efectivo');
INSERT INTO Cliente(Nombre,Paterno,Materno,FechaNacimiento,Calle,NumeroExterior,NumeroInterior,Colonia,Estado,MetodoPago) VALUES ('Ramon','Klimas','McGaraghan','1982-09-02','Juárez',73,60,'San Miguel','Durango','Tarjeta');
INSERT INTO Cliente(Nombre,Paterno,Materno,FechaNacimiento,Calle,NumeroExterior,NumeroInterior,Colonia,Estado,MetodoPago) VALUES ('Rebeca','Foddy','Minchell','1965-01-26','Juárez',91,59,'Santa Lucía','Aguascalientes','Efectivo');
INSERT INTO Cliente(Nombre,Paterno,Materno,FechaNacimiento,Calle,NumeroExterior,NumeroInterior,Colonia,Estado,MetodoPago) VALUES ('Rafael','Girsch','Gammill','1977-04-15','López Mateos',68,52,'San Pedro','Baja California','Tarjeta');
INSERT INTO Cliente(Nombre,Paterno,Materno,FechaNacimiento,Calle,NumeroExterior,NumeroInterior,Colonia,Estado,MetodoPago) VALUES ('Renata','Longmate','Peachment','2025-02-24','Galeana',42,9,'Valle Verde','Chiapas','Tarjeta');
INSERT INTO Cliente(Nombre,Paterno,Materno,FechaNacimiento,Calle,NumeroExterior,NumeroInterior,Colonia,Estado,MetodoPago) VALUES ('Rocio','Tegler','Greenhough','1961-10-26','Independencia',38,43,'Los Pinos','Chiapas','Efectivo');
INSERT INTO Cliente(Nombre,Paterno,Materno,FechaNacimiento,Calle,NumeroExterior,NumeroInterior,Colonia,Estado,MetodoPago) VALUES ('Rebeca','Snarie','Verdey','2000-06-03','Callejón de los Sapos',77,4,'Los Pinos','Chiapas','Efectivo');
INSERT INTO Cliente(Nombre,Paterno,Materno,FechaNacimiento,Calle,NumeroExterior,NumeroInterior,Colonia,Estado,MetodoPago) VALUES ('Rafael','Josef','Dohmann','1974-08-18','Morelos',26,70,'Revolución','Querétaro','Efectivo');

-- 5 registros de la tabla ClienteOnline
INSERT INTO ClienteOnline(IdCliente,NombreUsuario,Contraseña,NumeroTarjeta,FechaVencimiento) VALUES (1,'rvahl0','yV9&,z|CKBguHh>h','4784-2313-2208-3405','60/67');
INSERT INTO ClienteOnline(IdCliente,NombreUsuario,Contraseña,NumeroTarjeta,FechaVencimiento) VALUES (2,'baldrick1','gH1*?1LiVSwhtCI','0701-4683-5777-8390','99/65');
INSERT INTO ClienteOnline(IdCliente,NombreUsuario,Contraseña,NumeroTarjeta,FechaVencimiento) VALUES (3,'tyankishin2','vR2*cle3','2600-3738-6121-6408','90/31');
INSERT INTO ClienteOnline(IdCliente,NombreUsuario,Contraseña,NumeroTarjeta,FechaVencimiento) VALUES (4,'dolfert3','bR0?!cO(sp','5252-9778-5292-2859','30/45');
INSERT INTO ClienteOnline(IdCliente,NombreUsuario,Contraseña,NumeroTarjeta,FechaVencimiento) VALUES (5,'mmcnern4','zJ3.KT2n6','8843-2882-9498-1870','30/00');

-- 10 registros de la tabla MedPreparado
INSERT INTO MedPreparado(NombreComercial,FormaFarmaceutica,Concentracion,Presentacion,ViaAdministracion,Clasificacion,TipoControl,Descripcion,Categoria) VALUES ('Nicardipine Hydrochloride','Gel','35 mg/ml','Frasco con 30 cápsulas de 250mg','Oral','Analgésico','Naturista','Nulla ut erat id mauris vulputate elementum. Nullam varius. Nulla facilisi.','Antibióticos');
INSERT INTO MedPreparado(NombreComercial,FormaFarmaceutica,Concentracion,Presentacion,ViaAdministracion,Clasificacion,TipoControl,Descripcion,Categoria) VALUES ('Advanced Hand Sanitizer','Gel','10 mg/ml','Gotas oftálmicas en frasco de 15ml','Oral','Antihistamínico','Naturista','In hac habitasse platea dictumst. Etiam faucibus cursus urna. Ut tellus.','Antieméticos');
INSERT INTO MedPreparado(NombreComercial,FormaFarmaceutica,Concentracion,Presentacion,ViaAdministracion,Clasificacion,TipoControl,Descripcion,Categoria) VALUES ('Peptic Relief','Gel','20 mg/ml','Jeringa con 2ml de solución inyectable','Oral','Antihistamínico','Marca registrada','Morbi non lectus. Aliquam sit amet diam in magna bibendum imperdiet. Nullam orci pede, venenatis non, sodales sed, tincidunt eu, felis.','Antialérgicos');
INSERT INTO MedPreparado(NombreComercial,FormaFarmaceutica,Concentracion,Presentacion,ViaAdministracion,Clasificacion,TipoControl,Descripcion,Categoria) VALUES ('Loratadine','Gel','15 mg/ml','Spray nasal con 20ml de solución','Oral','Analgésico','No controlado','In hac habitasse platea dictumst. Morbi vestibulum, velit id pretium iaculis, diam erat fermentum justo, nec condimentum neque sapien placerat ante. Nulla justo.','Antiinflamatorios');
INSERT INTO MedPreparado(NombreComercial,FormaFarmaceutica,Concentracion,Presentacion,ViaAdministracion,Clasificacion,TipoControl,Descripcion,Categoria) VALUES ('BETULA ALBA JUICE WHITE GEL','Gel','50 mg/ml','Frasco con 30 cápsulas de 250mg','Oral','Expectorante','Homeopático','Curabitur in libero ut massa volutpat convallis. Morbi odio odio, elementum eu, interdum eu, tincidunt in, leo. Maecenas pulvinar lobortis est.','Antifúngicos');
INSERT INTO MedPreparado(NombreComercial,FormaFarmaceutica,Concentracion,Presentacion,ViaAdministracion,Clasificacion,TipoControl,Descripcion,Categoria) VALUES ('Sheer Cover Shade Adapting Mineral Foundation','Gel','35 mg/ml','Ampolla con 5ml de solución inyectable','Oral','Antiinflamatorio','Homeopático','Nam ultrices, libero non mattis pulvinar, nulla pede ullamcorper augue, a suscipit nulla elit ac nulla. Sed vel enim sit amet nunc viverra dapibus. Nulla suscipit ligula in lacus.','Antipiréticos');
INSERT INTO MedPreparado(NombreComercial,FormaFarmaceutica,Concentracion,Presentacion,ViaAdministracion,Clasificacion,TipoControl,Descripcion,Categoria) VALUES ('UREA','Gel','10 mg/ml','Gotas oftálmicas en frasco de 15ml','Oral','Antipirético','No controlado','Vestibulum quam sapien, varius ut, blandit non, interdum in, ante. Vestibulum ante ipsum primis in faucibus orci luctus et ultrices posuere cubilia Curae; Duis faucibus accumsan odio. Curabitur convallis.','Analgésicos');
INSERT INTO MedPreparado(NombreComercial,FormaFarmaceutica,Concentracion,Presentacion,ViaAdministracion,Clasificacion,TipoControl,Descripcion,Categoria) VALUES ('FRAICHEUR BAMBOU ANTIPERSPIRANT','Gel','50 mg/ml','Jeringa 2ml solución inyectable','Oral','Antidepresivo','Genérico','Etiam vel augue. Vestibulum rutrum rutrum neque. Aenean auctor gravida sem.','Antipiréticos');
INSERT INTO MedPreparado(NombreComercial,FormaFarmaceutica,Concentracion,Presentacion,ViaAdministracion,Clasificacion,TipoControl,Descripcion,Categoria) VALUES ('NUCYNTA','Gel','20 mg/ml','Jeringa con 2ml de solución inyectable','Oral','Antiviral','Receta médica','Morbi non lectus. Aliquam sit amet diam in magna bibendum imperdiet. Nullam orci pede, venenatis non, sodales sed, tincidunt eu, felis.','Analgésicos');
INSERT INTO MedPreparado(NombreComercial,FormaFarmaceutica,Concentracion,Presentacion,ViaAdministracion,Clasificacion,TipoControl,Descripcion,Categoria) VALUES ('REYATAZ','Gel','30 mg/ml','Blister con 10 tabletas de 500mg','Oral','Laxante','Marca registrada','Aliquam quis turpis eget elit sodales scelerisque. Mauris sit amet eros. Suspendisse accumsan tortor quis turpis.','Antibióticos');

-- 10 registros de la tabla MedComercial
INSERT INTO MedComercial(NombreComercial,FormaFarmaceutica,Concentracion,Presentacion,ViaAdministracion,Clasificacion,TipoControl,Descripcion,NombreGenerico,LabFabricante) VALUES ('Natures Antibac Peppermint','Gel','40 mg/ml','Envase con 60 comprimidos de liberación prolongada','Oral','Antihistamínico','Naturista','Quisque id justo sit amet sapien dignissim vestibulum. Vestibulum ante ipsum primis in faucibus orci luctus et ultrices posuere cubilia Curae; Nulla dapibus dolor vel est. Donec odio justo, sollicitudin ut, suscipit a, feugiat et, eros. Vestibulum ac est lacinia nisi venenatis tristique. Fusce congue, diam id ornare imperdiet, sapien urna pretium nisl, ut volutpat sapien arcu sed augue. Aliquam erat volutpat.','Natures Antibac Peppermint','HealthCare Solutions');
INSERT INTO MedComercial(NombreComercial,FormaFarmaceutica,Concentracion,Presentacion,ViaAdministracion,Clasificacion,TipoControl,Descripcion,NombreGenerico,LabFabricante) VALUES ('Ibuprofen','Gel','25 mg/ml','Frasco con 30 cápsulas de 250mg','Oral','Antipirético','Genérico','Integer ac leo. Pellentesque ultrices mattis odio. Donec vitae nisi. Nam ultrices, libero non mattis pulvinar, nulla pede ullamcorper augue, a suscipit nulla elit ac nulla. Sed vel enim sit amet nunc viverra dapibus. Nulla suscipit ligula in lacus.','Ibuprofen','BioPharm');
INSERT INTO MedComercial(NombreComercial,FormaFarmaceutica,Concentracion,Presentacion,ViaAdministracion,Clasificacion,TipoControl,Descripcion,NombreGenerico,LabFabricante) VALUES ('OB Metab','Gel','30 mg/ml','Spray nasal con 20ml de solución','Oral','Expectorante','Genérico','Sed ante. Vivamus tortor. Duis mattis egestas metus.','Fucus Vesiculosus','MediPro');
INSERT INTO MedComercial(NombreComercial,FormaFarmaceutica,Concentracion,Presentacion,ViaAdministracion,Clasificacion,TipoControl,Descripcion,NombreGenerico,LabFabricante) VALUES ('TYLENOL Sinus Congestion ','Gel','30 mg/ml','Ampolla con 5ml de solución inyectable','Oral','Antipirético','No controlado','Curabitur gravida nisi at nibh. In hac habitasse platea dictumst. Aliquam augue quam, sollicitudin vitae, consectetuer eget, rutrum at, lorem. Integer tincidunt ante vel ipsum. Praesent blandit lacinia erat. Vestibulum sed magna at nunc commodo placerat.','Acetaminophen, Guaifenesin','MediGen');
INSERT INTO MedComercial(NombreComercial,FormaFarmaceutica,Concentracion,Presentacion,ViaAdministracion,Clasificacion,TipoControl,Descripcion,NombreGenerico,LabFabricante) VALUES ('Oxygen','Gel','10 mg/ml','Envase 60 comprimidos liberación prolongada','Oral','Antiviral','Receta médica','In hac habitasse platea dictumst. Morbi vestibulum, velit id pretium iaculis, diam erat fermentum justo, nec condimentum neque sapien placerat ante. Nulla justo.','Oxygen','PharmaLab');
INSERT INTO MedComercial(NombreComercial,FormaFarmaceutica,Concentracion,Presentacion,ViaAdministracion,Clasificacion,TipoControl,Descripcion,NombreGenerico,LabFabricante) VALUES ('CORYLUS AMERICANA POLLEN','Gel','30 mg/ml','Sobre con 20 sobres de polvo para suspensión oral','Oral','Antipirético','Marca registrada','Aliquam quis turpis eget elit sodales scelerisque. Mauris sit amet eros. Suspendisse accumsan tortor quis turpis.','Hazelnut Pollen','BioPharm');
INSERT INTO MedComercial(NombreComercial,FormaFarmaceutica,Concentracion,Presentacion,ViaAdministracion,Clasificacion,TipoControl,Descripcion,NombreGenerico,LabFabricante) VALUES ('HZ Formula','Gel','40 mg/ml','Envase con 50 tabletas masticables de 100mg','Oral','Antipirético','Experimental','Quisque id justo sit amet sapien dignissim vestibulum. Vestibulum ante ipsum primis in faucibus orci luctus et ultrices posuere cubilia Curae; Nulla dapibus dolor vel est. Donec odio justo, sollicitudin ut, suscipit a, feugiat et, eros.','Baptisia tinctoria, Echinacea','MediGen');
INSERT INTO MedComercial(NombreComercial,FormaFarmaceutica,Concentracion,Presentacion,ViaAdministracion,Clasificacion,TipoControl,Descripcion,NombreGenerico,LabFabricante) VALUES ('7 Select Childrens Ibuprofen','Gel','50 mg/ml','Envase con 60 comprimidos de liberación prolongada','Oral','Laxante','Homeopático','Duis bibendum. Morbi non quam nec dui luctus rutrum. Nulla tellus. In sagittis dui vel nisl. Duis ac nibh. Fusce lacus purus, aliquet at, feugiat non, pretium quis, lectus.','Ibuprofen','Wellness Labs');
INSERT INTO MedComercial(NombreComercial,FormaFarmaceutica,Concentracion,Presentacion,ViaAdministracion,Clasificacion,TipoControl,Descripcion,NombreGenerico,LabFabricante) VALUES ('Tobacco Leaf','Gel','5 mg/ml','Sobre con 20 sobres de polvo para suspensión oral','Oral','Antihistamínico','Receta médica','Vestibulum quam sapien, varius ut, blandit non, interdum in, ante. Vestibulum ante ipsum primis in faucibus orci luctus et ultrices posuere cubilia Curae; Duis faucibus accumsan odio. Curabitur convallis. Duis consequat dui nec nisi volutpat eleifend. Donec ut dolor. Morbi vel lectus in quam fringilla rhoncus.','Tobacco Leaf','MediCo');
INSERT INTO MedComercial(NombreComercial,FormaFarmaceutica,Concentracion,Presentacion,ViaAdministracion,Clasificacion,TipoControl,Descripcion,NombreGenerico,LabFabricante) VALUES ('Shunga','Gel','25 mg/ml','Jeringa prellenada con 2ml de solución inyectable','Oral','Analgésico','Controlado','Sed ante. Vivamus tortor. Duis mattis egestas metus.','Benzocaine','PharmaTech');

--10 registros de la tabla Insumo
INSERT INTO Insumo(NombreCientifico,NombreComercial,Tipo,FormaFisica,Potencia,Grado,Riesgo,EsEsteril,Temperatura,Sensibilidad,Observaciones) VALUES ('Strobilanthes anisophylla (G. Lodd.) ','Miconazole 7','Ibuprofeno','Parche','75 mg','Alto','crítico','true','30°C','Nada sensible','In sagittis dui vel nisl. Duis ac nibh. Fusce lacus purus, aliquet at, feugiat non, pretium quis, lectus.');
INSERT INTO Insumo(NombreCientifico,NombreComercial,Tipo,FormaFisica,Potencia,Grado,Riesgo,EsEsteril,Temperatura,Sensibilidad,Observaciones) VALUES ('Erysimum capitatum (Douglas ex Hook.) ','Cicatricure','Antiespasmódico','Spray','50 mg','Medio','alto','false','30°C','Sensible','Proin eu mi. Nulla ac enim. In tempor, turpis nec euismod scelerisque, quam turpis adipiscing lorem, vitae mattis nibh ligula nec sem.');
INSERT INTO Insumo(NombreCientifico,NombreComercial,Tipo,FormaFisica,Potencia,Grado,Riesgo,EsEsteril,Temperatura,Sensibilidad,Observaciones) VALUES ('Salpichroa origanifolia (Lam.) Thell.','Therapeutic T Plus','Laxante','Polvo','5 mg','Medio','crítico','true','12°C','Nada sensible','Vestibulum ac est lacinia nisi venenatis tristique. Fusce congue, diam id ornare imperdiet, sapien urna pretium nisl, ut volutpat sapien arcu sed augue. Aliquam erat volutpat.');
INSERT INTO Insumo(NombreCientifico,NombreComercial,Tipo,FormaFisica,Potencia,Grado,Riesgo,EsEsteril,Temperatura,Sensibilidad,Observaciones) VALUES ('Leprocaulon arbuscula (Nyl.) Nyl.','Rhizopus oryzae','Analgésico','Supositorio','150 mg','Deficiente','crítico','false','25°C','Nada sensible','Aliquam quis turpis eget elit sodales scelerisque. Mauris sit amet eros. Suspendisse accumsan tortor quis turpis.');
INSERT INTO Insumo(NombreCientifico,NombreComercial,Tipo,FormaFisica,Potencia,Grado,Riesgo,EsEsteril,Temperatura,Sensibilidad,Observaciones) VALUES ('Mentzelia dispersa S. Watson var. dispersa','Quazepam','Antiespasmódico','Solución','50 mg','Aceptable','moderado','false','22°C','Sensible','Fusce consequat. Nulla nisl. Nunc nisl.');
INSERT INTO Insumo(NombreCientifico,NombreComercial,Tipo,FormaFisica,Potencia,Grado,Riesgo,EsEsteril,Temperatura,Sensibilidad,Observaciones) VALUES ('Astragalus humistratus A. Gray var','CEPHALOTHECIUM ROSEUM','Analgésico','Jarabe','100 mg','Excelente','crítico','true','35°C','Sensible','Nullam porttitor lacus at turpis. Donec posuere metus vitae ipsum. Aliquam non mauris.');
INSERT INTO Insumo(NombreCientifico,NombreComercial,Tipo,FormaFisica,Potencia,Grado,Riesgo,EsEsteril,Temperatura,Sensibilidad,Observaciones) VALUES ('Hieracium kalmii L.','Prednisone','Antibiótico','Polvo','75 mg','Aceptable','grave','false','25°C','Nada sensible','Quisque id justo sit amet sapien dignissim vestibulum. Vestibulum ante ipsum primis in faucibus orci luctus et ultrices posuere cubilia Curae; Nulla dapibus dolor vel est. Donec odio justo, sollicitudin ut, suscipit a, feugiat et, eros.');
INSERT INTO Insumo(NombreCientifico,NombreComercial,Tipo,FormaFisica,Potencia,Grado,Riesgo,EsEsteril,Temperatura,Sensibilidad,Observaciones) VALUES ('Echinocereus pseudopectinatus','WOMENS LAXATIVE','Paracetamol','Parche','200 mg','Medio','alto','true','35°C','poco sensible','Cras mi pede, malesuada in, imperdiet et, commodo vulputate, justo. In blandit ultrices enim. Lorem ipsum dolor sit amet, consectetuer adipiscing elit.');
INSERT INTO Insumo(NombreCientifico,NombreComercial,Tipo,FormaFisica,Potencia,Grado,Riesgo,EsEsteril,Temperatura,Sensibilidad,Observaciones) VALUES ('Carex livida (Wahlenb.) Willd.','health mart loperamide hydrochloride','Antiespasmódico','Solución','150 mg','Alto','bajo','true','35°C','poco sensible','Nulla ut erat id mauris vulputate elementum. Nullam varius. Nulla facilisi.');
INSERT INTO Insumo(NombreCientifico,NombreComercial,Tipo,FormaFisica,Potencia,Grado,Riesgo,EsEsteril,Temperatura,Sensibilidad,Observaciones) VALUES ('Carex stipata Muhl. ex Willd','Zicam','Antihistamínico','Polvo','50 mg','Medio','muy alto','true','10°C','Nada sensible','Quisque id justo sit amet sapien dignissim vestibulum. Vestibulum ante ipsum primis in faucibus orci luctus et ultrices posuere cubilia Curae; Nulla dapibus dolor vel est. Donec odio justo, sollicitudin ut, suscipit a, feugiat et, eros.');

--5 registros de la tabla Proveedor
INSERT INTO Proveedor(RazonSocial,Calle,NumeroExterior,NumeroInterior,Colonia,Estado) VALUES ('Proveedor de Medicamentos','Utah',1,7,'El Rosario','Ohio');
INSERT INTO Proveedor(RazonSocial,Calle,NumeroExterior,NumeroInterior,Colonia,Estado) VALUES ('Suministros Farmacéuticos','Fallview',44,74,'La Libertad','Georgia');
INSERT INTO Proveedor(RazonSocial,Calle,NumeroExterior,NumeroInterior,Colonia,Estado) VALUES ('Farmacia San Juan','Quincy',60,93,'San Francisco','Ohio');
INSERT INTO Proveedor(RazonSocial,Calle,NumeroExterior,NumeroInterior,Colonia,Estado) VALUES ('Insumos Medicinales','Mcbride',80,28,'El Rosario','Alabama');
INSERT INTO Proveedor(RazonSocial,Calle,NumeroExterior,NumeroInterior,Colonia,Estado) VALUES ('Distribuidora Salud S.A.','Parkside',44,62,'San Francisco','Pennsylvania');

--5 registros de la tabla Farmaceutico
INSERT INTO Farmaceutico(RFC,Nombre,Paterno,Materno,Calle,NumeroExterior,NumeroInterior,Colonia,Estado,Dia,Entrada,Salida,Salario,IdSucursal,CedulaProfesional,FechaNacimiento) VALUES ('KGVW7812034P0','Janeta','Clewley','Kira','Hidalgo',71,7,'Bosques de Chapultepec','Aguascalientes','Sabado','21:53','05:53',43015872.67,124,2000001,'11/21/2025');
INSERT INTO Farmaceutico(RFC,Nombre,Paterno,Materno,Calle,NumeroExterior,NumeroInterior,Colonia,Estado,Dia,Entrada,Salida,Salario,IdSucursal,CedulaProfesional,FechaNacimiento) VALUES ('JSSW291016104','Lorrin','Larratt','Sansam','López Mateos',50,73,'Valle Verde','Jalisco','Lunes','2:00','10:00',63841524.77,90,2000002,'11/18/2025');
INSERT INTO Farmaceutico(RFC,Nombre,Paterno,Materno,Calle,NumeroExterior,NumeroInterior,Colonia,Estado,Dia,Entrada,Salida,Salario,IdSucursal,CedulaProfesional,FechaNacimiento) VALUES ('MFVV661225072','Jemie','Solan','Betterton','Madero',37,26,'Valle Verde','Hidalgo','Martes','14:47','22:47',13568117.53,75,2000003,'11/11/2025');
INSERT INTO Farmaceutico(RFC,Nombre,Paterno,Materno,Calle,NumeroExterior,NumeroInterior,Colonia,Estado,Dia,Entrada,Salida,Salario,IdSucursal,CedulaProfesional,FechaNacimiento) VALUES ('LYMR270627DZ1','Jessy','Aberkirder','Rallings','Hidalgo',87,19,'La Aurora','Tamaulipas','Sabado','0:51','08:51',55819919.67,38,2000004,'11/5/2025');
INSERT INTO Farmaceutico(RFC,Nombre,Paterno,Materno,Calle,NumeroExterior,NumeroInterior,Colonia,Estado,Dia,Entrada,Salida,Salario,IdSucursal,CedulaProfesional,FechaNacimiento) VALUES ('BWHV590526U61','Ann','Brewood','Jerratsch','Pino Suárez',19,46,'El Rosario','Guanajuato','Jueves','8:41','16:41',42552141.53,45,2000005,'11/26/2025');

-- 15 registros de la tabla EntregarInsumo
INSERT INTO EntregarInsumo(IdProveedor,IdSucursal,IdInsumo,FechaRecepcion,FechaCaducidad,CondicionesAlmacenamiento,CantidadRecibida,PrecioPublico,PrecioUnitario) VALUES (2,14,5,'2026-03-27T12:29:29Z','2026-04-20','Guardar en un lugar limpio y ordenado',7,35277877.49,5415869.82);
INSERT INTO EntregarInsumo(IdProveedor,IdSucursal,IdInsumo,FechaRecepcion,FechaCaducidad,CondicionesAlmacenamiento,CantidadRecibida,PrecioPublico,PrecioUnitario) VALUES (2,99,2,'2026-01-13T18:53:10Z','2026-04-22','Proteger de la congelación',38,99944222.6,12440507.66);
INSERT INTO EntregarInsumo(IdProveedor,IdSucursal,IdInsumo,FechaRecepcion,FechaCaducidad,CondicionesAlmacenamiento,CantidadRecibida,PrecioPublico,PrecioUnitario) VALUES (3,110,10,'2026-01-17T06:37:46Z','2026-05-02','Evitar la humedad',31,68345.78,67293752.66);
INSERT INTO EntregarInsumo(IdProveedor,IdSucursal,IdInsumo,FechaRecepcion,FechaCaducidad,CondicionesAlmacenamiento,CantidadRecibida,PrecioPublico,PrecioUnitario) VALUES (4,72,8,'2025-05-15T16:18:45Z','2026-04-25','No almacenar cerca de productos químicos',58,30736258.3,59412649.83);
INSERT INTO EntregarInsumo(IdProveedor,IdSucursal,IdInsumo,FechaRecepcion,FechaCaducidad,CondicionesAlmacenamiento,CantidadRecibida,PrecioPublico,PrecioUnitario) VALUES (5,67,7,'2026-04-26T01:19:06Z','2026-05-02','Guardar en un recipiente hermético',13,33857086.72,91344207.35);
INSERT INTO EntregarInsumo(IdProveedor,IdSucursal,IdInsumo,FechaRecepcion,FechaCaducidad,CondicionesAlmacenamiento,CantidadRecibida,PrecioPublico,PrecioUnitario) VALUES (4,98,10,'2025-11-18T08:29:47Z','2026-04-27','Guardar en un lugar limpio y ordenado',70,67413218.29,105607.59);
INSERT INTO EntregarInsumo(IdProveedor,IdSucursal,IdInsumo,FechaRecepcion,FechaCaducidad,CondicionesAlmacenamiento,CantidadRecibida,PrecioPublico,PrecioUnitario) VALUES (5,70,4,'2026-02-04T04:36:58Z','2026-04-26','Guardar en un recipiente hermético',92,87860930.37,28033433.06);
INSERT INTO EntregarInsumo(IdProveedor,IdSucursal,IdInsumo,FechaRecepcion,FechaCaducidad,CondicionesAlmacenamiento,CantidadRecibida,PrecioPublico,PrecioUnitario) VALUES (3,125,10,'2026-04-03T16:17:39Z','2026-04-22','Evitar la humedad',99,61717605.06,62764845.76);
INSERT INTO EntregarInsumo(IdProveedor,IdSucursal,IdInsumo,FechaRecepcion,FechaCaducidad,CondicionesAlmacenamiento,CantidadRecibida,PrecioPublico,PrecioUnitario) VALUES (5,48,9,'2026-04-24T22:14:24Z','2026-05-03','No almacenar cerca de productos químicos',32,33968165.56,55530295.99);
INSERT INTO EntregarInsumo(IdProveedor,IdSucursal,IdInsumo,FechaRecepcion,FechaCaducidad,CondicionesAlmacenamiento,CantidadRecibida,PrecioPublico,PrecioUnitario) VALUES (1,139,10,'2025-10-04T20:51:34Z','2026-04-20','No almacenar cerca de productos químicos',9,45970639.08,19405416.99);
INSERT INTO EntregarInsumo(IdProveedor,IdSucursal,IdInsumo,FechaRecepcion,FechaCaducidad,CondicionesAlmacenamiento,CantidadRecibida,PrecioPublico,PrecioUnitario) VALUES (1,141,1,'2025-11-05T20:16:31Z','2026-05-05','Almacenar en un lugar bien ventilado',85,25486926.52,3873752.3);
INSERT INTO EntregarInsumo(IdProveedor,IdSucursal,IdInsumo,FechaRecepcion,FechaCaducidad,CondicionesAlmacenamiento,CantidadRecibida,PrecioPublico,PrecioUnitario) VALUES (1,120,10,'2025-11-15T01:31:10Z','2026-05-01','No almacenar cerca de productos químicos',59,59487788.38,34397629.81);
INSERT INTO EntregarInsumo(IdProveedor,IdSucursal,IdInsumo,FechaRecepcion,FechaCaducidad,CondicionesAlmacenamiento,CantidadRecibida,PrecioPublico,PrecioUnitario) VALUES (1,36,7,'2025-11-21T19:27:07Z','2026-04-26','Evitar la humedad',65,49699972.2,52227273.06);
INSERT INTO EntregarInsumo(IdProveedor,IdSucursal,IdInsumo,FechaRecepcion,FechaCaducidad,CondicionesAlmacenamiento,CantidadRecibida,PrecioPublico,PrecioUnitario) VALUES (1,41,5,'2026-02-05T22:30:35Z','2026-04-26','Mantener alejado de la luz solar directa',51,10739.8,48874829.6);
INSERT INTO EntregarInsumo(IdProveedor,IdSucursal,IdInsumo,FechaRecepcion,FechaCaducidad,CondicionesAlmacenamiento,CantidadRecibida,PrecioPublico,PrecioUnitario) VALUES (1,101,9,'2025-09-29T18:15:07Z','2026-04-28','Mantener fuera del alcance de los niños',62,97614439.06,22362056.78);

-- 15 registros de la tabla EntregarMedComercial
INSERT INTO EntregarMedComercial(IdProveedor,IdSucursal,IdMedicamento,FechaRecepcion,FechaCaducidad,CondicionesAlmacenamiento,CantidadRecibida,PrecioPublico,PrecioUnitario) VALUES (4,27,1,'2025-08-28T02:03:41Z','2026-04-27','Evitar la humedad',56,81042507.09,37808781.68);
INSERT INTO EntregarMedComercial(IdProveedor,IdSucursal,IdMedicamento,FechaRecepcion,FechaCaducidad,CondicionesAlmacenamiento,CantidadRecibida,PrecioPublico,PrecioUnitario) VALUES (5,133,5,'2025-09-08T15:22:54Z','2026-04-26','Mantener fuera del alcance de los niños',71,97045318.37,71786952.73);
INSERT INTO EntregarMedComercial(IdProveedor,IdSucursal,IdMedicamento,FechaRecepcion,FechaCaducidad,CondicionesAlmacenamiento,CantidadRecibida,PrecioPublico,PrecioUnitario) VALUES (1,132,8,'2025-10-04T04:53:42Z','2026-04-28','Mantener alejado de la luz solar directa',72,93380382.51,9873673.83);
INSERT INTO EntregarMedComercial(IdProveedor,IdSucursal,IdMedicamento,FechaRecepcion,FechaCaducidad,CondicionesAlmacenamiento,CantidadRecibida,PrecioPublico,PrecioUnitario) VALUES (4,77,9,'2026-04-06T09:27:12Z','2026-05-03','Almacenar en un lugar fresco y seco',24,24652264.58,52116129.08);
INSERT INTO EntregarMedComercial(IdProveedor,IdSucursal,IdMedicamento,FechaRecepcion,FechaCaducidad,CondicionesAlmacenamiento,CantidadRecibida,PrecioPublico,PrecioUnitario) VALUES (1,90,5,'2025-07-30T14:58:02Z','2026-04-20','Almacenar en un lugar fresco y seco',59,81221693.12,57019322.83);
INSERT INTO EntregarMedComercial(IdProveedor,IdSucursal,IdMedicamento,FechaRecepcion,FechaCaducidad,CondicionesAlmacenamiento,CantidadRecibida,PrecioPublico,PrecioUnitario) VALUES (4,79,1,'2025-08-17T05:02:56Z','2026-04-20','Guardar en un recipiente hermético',33,793435.75,47782485.79);
INSERT INTO EntregarMedComercial(IdProveedor,IdSucursal,IdMedicamento,FechaRecepcion,FechaCaducidad,CondicionesAlmacenamiento,CantidadRecibida,PrecioPublico,PrecioUnitario) VALUES (2,42,1,'2026-02-28T07:36:01Z','2026-04-30','Almacenar en un lugar bien ventilado',96,86375806.26,26029444.99);
INSERT INTO EntregarMedComercial(IdProveedor,IdSucursal,IdMedicamento,FechaRecepcion,FechaCaducidad,CondicionesAlmacenamiento,CantidadRecibida,PrecioPublico,PrecioUnitario) VALUES (2,61,4,'2026-01-14T06:26:59Z','2026-04-21','Mantener alejado de la luz solar directa',2,56263096.31,40970374.17);
INSERT INTO EntregarMedComercial(IdProveedor,IdSucursal,IdMedicamento,FechaRecepcion,FechaCaducidad,CondicionesAlmacenamiento,CantidadRecibida,PrecioPublico,PrecioUnitario) VALUES (2,42,8,'2025-06-13T11:42:26Z','2026-04-20','Guardar en un lugar limpio y ordenado',32,93710432.67,38866973.02);
INSERT INTO EntregarMedComercial(IdProveedor,IdSucursal,IdMedicamento,FechaRecepcion,FechaCaducidad,CondicionesAlmacenamiento,CantidadRecibida,PrecioPublico,PrecioUnitario) VALUES (5,46,1,'2026-04-20T00:15:49Z','2026-04-23','Proteger de la congelación',29,69307946.76,53671156.84);
INSERT INTO EntregarMedComercial(IdProveedor,IdSucursal,IdMedicamento,FechaRecepcion,FechaCaducidad,CondicionesAlmacenamiento,CantidadRecibida,PrecioPublico,PrecioUnitario) VALUES (3,90,5,'2025-09-18T03:47:42Z','2026-04-28','Guardar en un lugar limpio y ordenado',9,86669106.3,17451834.12);
INSERT INTO EntregarMedComercial(IdProveedor,IdSucursal,IdMedicamento,FechaRecepcion,FechaCaducidad,CondicionesAlmacenamiento,CantidadRecibida,PrecioPublico,PrecioUnitario) VALUES (3,106,6,'2026-01-29T18:23:48Z','2026-05-03','Mantener fuera del alcance de los niños',99,45716600.25,82759138.03);
INSERT INTO EntregarMedComercial(IdProveedor,IdSucursal,IdMedicamento,FechaRecepcion,FechaCaducidad,CondicionesAlmacenamiento,CantidadRecibida,PrecioPublico,PrecioUnitario) VALUES (3,19,1,'2026-03-12T13:13:37Z','2026-04-27','Mantener alejado de la luz solar directa',84,69371434.19,23185633.06);
INSERT INTO EntregarMedComercial(IdProveedor,IdSucursal,IdMedicamento,FechaRecepcion,FechaCaducidad,CondicionesAlmacenamiento,CantidadRecibida,PrecioPublico,PrecioUnitario) VALUES (3,103,3,'2026-02-02T14:05:07Z','2026-04-21','Mantener alejado de la luz solar directa',52,93182634.44,96783159.98);
INSERT INTO EntregarMedComercial(IdProveedor,IdSucursal,IdMedicamento,FechaRecepcion,FechaCaducidad,CondicionesAlmacenamiento,CantidadRecibida,PrecioPublico,PrecioUnitario) VALUES (3,77,5,'2025-06-10T01:21:28Z','2026-04-22','Almacenar en un lugar bien ventilado',28,76335057.22,47727168.07);
	

-- 10 registros de la tabla Contener
INSERT INTO Contener(IdMedicamento,IdInsumo,CantidadRequerida) VALUES (1,9,621810.0302);
INSERT INTO Contener(IdMedicamento,IdInsumo,CantidadRequerida) VALUES (9,9,304826.0813);
INSERT INTO Contener(IdMedicamento,IdInsumo,CantidadRequerida) VALUES (6,9,957382.8916);
INSERT INTO Contener(IdMedicamento,IdInsumo,CantidadRequerida) VALUES (5,7,130600.1753);
INSERT INTO Contener(IdMedicamento,IdInsumo,CantidadRequerida) VALUES (5,9,910608.1171);
INSERT INTO Contener(IdMedicamento,IdInsumo,CantidadRequerida) VALUES (5,8,921861.9568);
INSERT INTO Contener(IdMedicamento,IdInsumo,CantidadRequerida) VALUES (5,6,996130.563);
INSERT INTO Contener(IdMedicamento,IdInsumo,CantidadRequerida) VALUES (5,7,417036.2564);
INSERT INTO Contener(IdMedicamento,IdInsumo,CantidadRequerida) VALUES (2,8,162072.5);
INSERT INTO Contener(IdMedicamento,IdInsumo,CantidadRequerida) VALUES (2,1,169467.1682);

------------------------------------------REGISTROS NECESARIOS PARA CONSULTA xi---------------------------------------------------------------------------------------
-- 10 registros de la tabla Ticket
INSERT INTO Ticket(FechaPago,HoraPago,TipoVenta,IdSucursal,IdCliente) VALUES ('2030-05-27','0:31','Web',1,8);
INSERT INTO Ticket(FechaPago,HoraPago,TipoVenta,IdSucursal,IdCliente) VALUES ('2028-02-01','15:21','Web',2,2);
INSERT INTO Ticket(FechaPago,HoraPago,TipoVenta,IdSucursal,IdCliente) VALUES ('2024-02-19','2:05','Web',3,5);
INSERT INTO Ticket(FechaPago,HoraPago,TipoVenta,IdSucursal,IdCliente) VALUES ('2024-03-09','12:17','Web',4,3);
INSERT INTO Ticket(FechaPago,HoraPago,TipoVenta,IdSucursal,IdCliente) VALUES ('2029-09-06','14:57','Web',9,10);
INSERT INTO Ticket(FechaPago,HoraPago,TipoVenta,IdSucursal,IdCliente) VALUES ('2030-01-28','6:22','Presencial',27,9);
INSERT INTO Ticket(FechaPago,HoraPago,TipoVenta,IdSucursal,IdCliente) VALUES ('2027-03-28','22:02','Web',127,10);
INSERT INTO Ticket(FechaPago,HoraPago,TipoVenta,IdSucursal,IdCliente) VALUES ('2021-02-26','10:50','Web',8,1);
INSERT INTO Ticket(FechaPago,HoraPago,TipoVenta,IdSucursal,IdCliente) VALUES ('2028-04-18','5:03','Web',10,3);
INSERT INTO Ticket(FechaPago,HoraPago,TipoVenta,IdSucursal,IdCliente) VALUES ('2021-04-15','7:09','Presencial',113,4);

-- 5 registros de la tabla Cajero
INSERT INTO Cajero(RFC,Nombre,Paterno,Materno,Calle,NumeroExterior,NumeroInterior,Colonia,Estado,Dia,Entrada,Salida,Salario,IdSucursal,FechaNacimiento) VALUES ('ZCMF480815X16','Harland','Percy','Tathacott','Allende',45,93,'Santa Cruz','Hidalgo','Jueves','23:05','07:05',16072913.7,1,'10/22/1996');
INSERT INTO Cajero(RFC,Nombre,Paterno,Materno,Calle,NumeroExterior,NumeroInterior,Colonia,Estado,Dia,Entrada,Salida,Salario,IdSucursal,FechaNacimiento) VALUES ('QFLO151002X44','Ervin','Hartzog','Thies','Guerrero',54,92,'La Primavera','Nayarit','Sabado','17:47','01:47',64449760.89,2,'2/9/2007');
INSERT INTO Cajero(RFC,Nombre,Paterno,Materno,Calle,NumeroExterior,NumeroInterior,Colonia,Estado,Dia,Entrada,Salida,Salario,IdSucursal,FechaNacimiento) VALUES ('IELH321123WX8','Zarla','Deans','Dilger','Callejón de los Sapos',63,9,'Valle Verde','Jalisco','Sabado','3:22','11:22',69601342.08,3,'3/22/2006');
INSERT INTO Cajero(RFC,Nombre,Paterno,Materno,Calle,NumeroExterior,NumeroInterior,Colonia,Estado,Dia,Entrada,Salida,Salario,IdSucursal,FechaNacimiento) VALUES ('VLIV231212D92','Malia','Shearsby','Ughelli','Pino Suárez',24,29,'San José','Baja California','Martes','2:28','10:28',96429949.95,4,'4/21/1992');
INSERT INTO Cajero(RFC,Nombre,Paterno,Materno,Calle,NumeroExterior,NumeroInterior,Colonia,Estado,Dia,Entrada,Salida,Salario,IdSucursal,FechaNacimiento) VALUES ('GBMC620917LW6','Nev','Nardrup','Yurivtsev','Callejón del Beso',3,86,'El Rosario','Veracruz','Martes','7:05','15:05',15017070.96,8,'6/10/2002');

-- 12 registros de la tabla TenerMedComercial
INSERT INTO TenerMedComercial(FolioTicket,IdMedicamento,CantidadComprada,PrecioUnitario) VALUES (1,2,6,10.53);
INSERT INTO TenerMedComercial(FolioTicket,IdMedicamento,CantidadComprada,PrecioUnitario) VALUES (1,5,6,30.09);
INSERT INTO TenerMedComercial(FolioTicket,IdMedicamento,CantidadComprada,PrecioUnitario) VALUES (1,8,3,64.89);
INSERT INTO TenerMedComercial(FolioTicket,IdMedicamento,CantidadComprada,PrecioUnitario) VALUES (1,6,4,50.77);
INSERT INTO TenerMedComercial(FolioTicket,IdMedicamento,CantidadComprada,PrecioUnitario) VALUES (2,7,3,9.79);
INSERT INTO TenerMedComercial(FolioTicket,IdMedicamento,CantidadComprada,PrecioUnitario) VALUES (2,3,6,58.16);
INSERT INTO TenerMedComercial(FolioTicket,IdMedicamento,CantidadComprada,PrecioUnitario) VALUES (2,2,3,12.79);
INSERT INTO TenerMedComercial(FolioTicket,IdMedicamento,CantidadComprada,PrecioUnitario) VALUES (2,4,6,8.16);
INSERT INTO TenerMedComercial(FolioTicket,IdMedicamento,CantidadComprada,PrecioUnitario) VALUES (8,9,4,8.51);
INSERT INTO TenerMedComercial(FolioTicket,IdMedicamento,CantidadComprada,PrecioUnitario) VALUES (8,8,4,91.3);
INSERT INTO TenerMedComercial(FolioTicket,IdMedicamento,CantidadComprada,PrecioUnitario) VALUES (8,1,3,12.98);
INSERT INTO TenerMedComercial(FolioTicket,IdMedicamento,CantidadComprada,PrecioUnitario) VALUES (8,5,4,71.32);

-- 8 registros de la tabla TenerMedPreparado
INSERT INTO TenerMedPreparado(FolioTicket,IdMedicamento,CantidadComprada,PrecioUnitario) VALUES (3,5,5,14.56);
INSERT INTO TenerMedPreparado(FolioTicket,IdMedicamento,CantidadComprada,PrecioUnitario) VALUES (3,2,4,27.9);
INSERT INTO TenerMedPreparado(FolioTicket,IdMedicamento,CantidadComprada,PrecioUnitario) VALUES (3,1,5,15.89);
INSERT INTO TenerMedPreparado(FolioTicket,IdMedicamento,CantidadComprada,PrecioUnitario) VALUES (3,3,5,27.81);
INSERT INTO TenerMedPreparado(FolioTicket,IdMedicamento,CantidadComprada,PrecioUnitario) VALUES (4,7,6,25.76);
INSERT INTO TenerMedPreparado(FolioTicket,IdMedicamento,CantidadComprada,PrecioUnitario) VALUES (4,9,5,29.87);
INSERT INTO TenerMedPreparado(FolioTicket,IdMedicamento,CantidadComprada,PrecioUnitario) VALUES (4,8,3,54.03);
INSERT INTO TenerMedPreparado(FolioTicket,IdMedicamento,CantidadComprada,PrecioUnitario) VALUES (4,6,4,2.81);

-----------------------------------------------------------------------------------------------------------------------------------------------------------------------------------------------------------------------------------------------------------
----------------------------------------------REGISTROS NECESARIOS PARA CONSULTA xiii-------------------------------------------

-- 5 registros de la tabla Aseador
INSERT INTO Aseador(RFC,Nombre,Paterno,Materno,Calle,NumeroExterior,NumeroInterior,Colonia,Estado,Dia,Entrada,Salida,Salario,IdSucursal,FechaNacimiento) VALUES ('TSNC201028T99','Jordanna','Scampion','Moffatt','Hidalgo',71,77,'Las Palmas','Guanajuato','Sabado','6:23','14:23',30995153.85,89,'5/29/2002');
INSERT INTO Aseador(RFC,Nombre,Paterno,Materno,Calle,NumeroExterior,NumeroInterior,Colonia,Estado,Dia,Entrada,Salida,Salario,IdSucursal,FechaNacimiento) VALUES ('PCUU811128GZ4','Olia','Byres','Hinrich','González',46,27,'La Esperanza','Oaxaca','Jueves','23:34','07:34',29429680.1,98,'11/1/2003');
INSERT INTO Aseador(RFC,Nombre,Paterno,Materno,Calle,NumeroExterior,NumeroInterior,Colonia,Estado,Dia,Entrada,Salida,Salario,IdSucursal,FechaNacimiento) VALUES ('RXPY550701SK2','Dylan','Grenville','Heading','Callejón de la Condesa',27,21,'La Aurora','Durango','Domingo','16:42','00:42',80630863.45,13,'2/25/1997');
INSERT INTO Aseador(RFC,Nombre,Paterno,Materno,Calle,NumeroExterior,NumeroInterior,Colonia,Estado,Dia,Entrada,Salida,Salario,IdSucursal,FechaNacimiento) VALUES ('WHCY581128I45','Corilla','Tabram','Baldi','Morelos',65,19,'Villa de las Flores','Tamaulipas','Jueves','9:41','17:41',53479395.11,18,'6/25/2007');
INSERT INTO Aseador(RFC,Nombre,Paterno,Materno,Calle,NumeroExterior,NumeroInterior,Colonia,Estado,Dia,Entrada,Salida,Salario,IdSucursal,FechaNacimiento) VALUES ('COYP0803172H6','Sabra','Kochlin','Whickman','Madero',63,35,'La Primavera','Durango','Sabado','10:26','18:26',92722363.05,33,'9/12/2009');

-- 5 registros de la tabla Enfermero
INSERT INTO Enfermero(RFC,Nombre,Paterno,Materno,Calle,NumeroExterior,NumeroInterior,Colonia,Estado,Dia,Entrada,Salida,Salario,IdSucursal,TipoProcedimientoCargo,CertificacionReanimacion,CedulaProfesional,FechaNacimiento) VALUES ('YAYP321010011','Ivory','Whales','Burdas','Carranza',97,10,'El Paraíso','Oaxaca','Sabado','23:12','07:12',52953377.49,118,'Realización de lavados','false',1000001,'6/29/1997');
INSERT INTO Enfermero(RFC,Nombre,Paterno,Materno,Calle,NumeroExterior,NumeroInterior,Colonia,Estado,Dia,Entrada,Salida,Salario,IdSucursal,TipoProcedimientoCargo,CertificacionReanimacion,CedulaProfesional,FechaNacimiento) VALUES ('OTUC651112A40','Germaine','Tuff','Dymocke','Callejón de la Amargura',11,64,'Santa Cruz','Veracruz','Domingo','12:32','20:32',44788810.69,117,'Colocación de sondas','false',1000002,'10/1/1999');
INSERT INTO Enfermero(RFC,Nombre,Paterno,Materno,Calle,NumeroExterior,NumeroInterior,Colonia,Estado,Dia,Entrada,Salida,Salario,IdSucursal,TipoProcedimientoCargo,CertificacionReanimacion,CedulaProfesional,FechaNacimiento) VALUES ('PEHT8302162Q0','Aldon','Folkes','Izkovitz','López Mateos',7,23,'Bosques de Chapultepec','Querétaro','Domingo','20:57','04:57',25637609.22,73,'Aplicación de vacunas','false',1000003,'8/16/1999');
INSERT INTO Enfermero(RFC,Nombre,Paterno,Materno,Calle,NumeroExterior,NumeroInterior,Colonia,Estado,Dia,Entrada,Salida,Salario,IdSucursal,TipoProcedimientoCargo,CertificacionReanimacion,CedulaProfesional,FechaNacimiento) VALUES ('CTUZ2012237P6','Nefen','Grenshiels','Mault','González',40,72,'Santa Cruz','Veracruz','Miercoles','17:55','01:55',95403064.87,135,'Asistencia en cirugías','false',1000004,'2/8/2000');
INSERT INTO Enfermero(RFC,Nombre,Paterno,Materno,Calle,NumeroExterior,NumeroInterior,Colonia,Estado,Dia,Entrada,Salida,Salario,IdSucursal,TipoProcedimientoCargo,CertificacionReanimacion,CedulaProfesional,FechaNacimiento) VALUES ('HQFV371112968','Osborne','Barczewski','Kennady','Pino Suárez',98,60,'El Rosario','Campeche','Domingo','21:41','05:41',77682691.89,119,'Curación de heridas','false',1000005,'12/11/1995');

-- 5 registros de la tabla Cuidador
INSERT INTO Cuidador(RFC,Nombre,Paterno,Materno,Calle,NumeroExterior,NumeroInterior,Colonia,Estado,Dia,Entrada,Salida,Salario,IdSucursal,FechaNacimiento) VALUES ('WITB031013388','Birdie','Calven','Schiefersten','Madero',33,53,'La Esperanza','Querétaro','Lunes','22:13','06:13',50046637.36,2,'8/16/2009');
INSERT INTO Cuidador(RFC,Nombre,Paterno,Materno,Calle,NumeroExterior,NumeroInterior,Colonia,Estado,Dia,Entrada,Salida,Salario,IdSucursal,FechaNacimiento) VALUES ('WVQO170903IY6','Urbain','Gleed','Gennrich','Revolución',5,39,'San José','Baja California','Sabado','14:49','22:49',31307685.29,84,'2/22/2002');
INSERT INTO Cuidador(RFC,Nombre,Paterno,Materno,Calle,NumeroExterior,NumeroInterior,Colonia,Estado,Dia,Entrada,Salida,Salario,IdSucursal,FechaNacimiento) VALUES ('IEED1305064O2','Megan','Ketley','MacIlurick','Benito Juárez',27,23,'El Paraíso','Durango','Sabado','0:59','08:59',23641220.91,90,'2/28/1994');
INSERT INTO Cuidador(RFC,Nombre,Paterno,Materno,Calle,NumeroExterior,NumeroInterior,Colonia,Estado,Dia,Entrada,Salida,Salario,IdSucursal,FechaNacimiento) VALUES ('XNRT820911650','Hardy','Farfolomeev','Boow','Callejón de los Sapos',20,91,'Bosques de Chapultepec','Querétaro','Domingo','20:49','04:49',71586845.35,123,'6/1/1998');
INSERT INTO Cuidador(RFC,Nombre,Paterno,Materno,Calle,NumeroExterior,NumeroInterior,Colonia,Estado,Dia,Entrada,Salida,Salario,IdSucursal,FechaNacimiento) VALUES ('UYDS461118XR3','Reggie','Tallquist','Reavell','Hidalgo',90,80,'San José','Campeche','Martes','1:50','09:50',31494640.04,80,'9/12/2002');

-- 5 registros de la tabla consulta
INSERT INTO Consulta(Fecha,Hora,Diagnostico,Precio,IdCliente,RFCMedico,RFCEnfermero,FolioTicket) VALUES ('2025-11-10','11:06','Duis aliquam convallis nunc. Proin at turpis a pede posuere nonummy. Integer non velit.',7793726.89,1,'KSZL810216HB2','YAYP321010011',1);
INSERT INTO Consulta(Fecha,Hora,Diagnostico,Precio,IdCliente,RFCMedico,RFCEnfermero,FolioTicket) VALUES ('2018-03-17','9:21','Proin eu mi. Nulla ac enim. In tempor, turpis nec euismod scelerisque, quam turpis adipiscing lorem, vitae mattis nibh ligula nec sem.',795982.28,2,'QOFX051101381','PEHT8302162Q0',2);
INSERT INTO Consulta(Fecha,Hora,Diagnostico,Precio,IdCliente,RFCMedico,RFCEnfermero,FolioTicket) VALUES ('2025-08-12','15:49','Sed ante. Vivamus tortor. Duis mattis egestas metus.',794340.96,3,'QYVW9506061O4','HQFV371112968',3);
INSERT INTO Consulta(Fecha,Hora,Diagnostico,Precio,IdCliente,RFCMedico,RFCEnfermero,FolioTicket) VALUES ('2023-05-30','2:40','Proin eu mi. Nulla ac enim. In tempor, turpis nec euismod scelerisque, quam turpis adipiscing lorem, vitae mattis nibh ligula nec sem.',8084325.61,4,'GZVK4401023P5','PEHT8302162Q0',4);
INSERT INTO Consulta(Fecha,Hora,Diagnostico,Precio,IdCliente,RFCMedico,RFCEnfermero,FolioTicket) VALUES ('2012-11-26','5:45','In hac habitasse platea dictumst. Morbi vestibulum, velit id pretium iaculis, diam erat fermentum justo, nec condimentum neque sapien placerat ante. Nulla justo.',8667830.21,5,'CGNT831015960','YAYP321010011',5);


